Entry_Time,Coin,Side,Entry_Price,Exit_Price,Return_Pct,Raw_PnL,Exit_Time,Duration,Size_Matched,Outlier,fixed_exit_price,fixed_exit_time,fixed_exit_reason,fixed_pnl,fixed_pnl_pct
2025-10-12 21:07:00,SOL,Long,196.5550635,196.5465435,-0.004334693,-100.8568007,2025-10-12 21:07:00,0:00:03,11837.57,False,196.5465435,2025-10-12 21:07:00,original,-100.8568007,-0.004334693
2025-10-10 21:03:00,SOL,Short,197.56188,198.729905,-0.591219836,-12497.4239,2025-10-10 21:03:00,0:00:15,10699.62,False,198.729905,2025-10-10 21:03:00,original,-12497.4239,-0.591219836
2025-10-22 19:59:00,SOL,Long,180.8363903,180.0506022,-0.434529826,-9499.9811,2025-10-22 19:59:00,0:00:18,12089.75,False,180.0506022,2025-10-22 19:59:00,original,-9499.9811,-0.434529826
2025-10-22 16:34:00,SOL,Short,183.2381378,183.9076262,-0.365365205,-8142.8267,2025-10-22 16:34:00,0:00:39,12162.76,False,183.9076262,2025-10-22 16:34:00,original,-8142.8267,-0.365365205
2025-10-13 14:32:00,SOL,Short,192.7233088,193.5015951,-0.403836119,-8792.791001,2025-10-13 14:33:00,0:00:50,11297.63,False,193.5015951,2025-10-13 14:33:00,original,-8792.791001,-0.403836119
2025-10-14 16:19:00,SOL,Short,202.6697326,203.916246,-0.615046656,-13360.1557,2025-10-14 16:20:00,0:01:04,10718.02,False,203.916246,2025-10-14 16:20:00,original,-13360.1557,-0.615046656
2025-10-17 09:00:00,SOL,Short,175.3139069,175.9777552,-0.378662644,-8288.3316,2025-10-17 09:01:00,0:01:04,12485.28,False,175.9777552,2025-10-17 09:01:00,original,-8288.3316,-0.378662644
2025-09-30 13:53:00,SOL,Long,208.6494394,207.9735526,-0.323934167,-5662.005306,2025-09-30 13:54:00,0:01:06,8377.15,False,207.9735526,2025-09-30 13:54:00,original,-5662.005306,-0.323934167
2025-10-22 14:30:00,SOL,Long,182.5379686,181.7218127,-0.447115706,-10247.0662,2025-10-22 14:31:00,0:01:17,12555.28,False,181.7218127,2025-10-22 14:31:00,original,-10247.0662,-0.447115706
2025-10-09 16:56:00,SOL,Long,218.0924377,217.2581634,-0.382532466,-6206.550876,2025-10-09 16:58:00,0:01:51,7439.46,False,217.2581634,2025-10-09 16:58:00,original,-6206.550876,-0.382532466
2025-10-14 01:05:00,SOL,Short,208.1441976,208.8254293,-0.327288339,-7167.545142,2025-10-14 01:07:00,0:02:03,10521.45,False,208.8254293,2025-10-14 01:07:00,original,-7167.545142,-0.327288339
2025-10-22 21:42:00,SOL,Long,178.4165719,177.6268781,-0.442612327,-9675.841,2025-10-22 21:44:00,0:02:19,12252.65,False,177.6268781,2025-10-22 21:44:00,original,-9675.841,-0.442612327
2025-10-22 16:30:00,SOL,Short,182.6417571,183.5193066,-0.480475831,-10850.2063,2025-10-22 16:33:00,0:02:27,12364.21,False,183.5193066,2025-10-22 16:33:00,original,-10850.2063,-0.480475831
2025-10-24 12:30:00,SOL,Long,195.4480406,193.3342097,-1.081530875,-23284.88318,2025-10-24 12:33:00,0:02:49,11015.49,False,193.3342097,2025-10-24 12:33:00,original,-23284.88318,-1.081530875
2025-10-07 16:24:00,SOL,Short,222.8648875,223.668245,-0.360468426,-9.407316936,2025-10-07 16:27:00,0:02:56,11.710000000000036,False,223.668245,2025-10-07 16:27:00,original,-9.407316936,-0.360468426
2025-10-24 02:39:00,SOL,Short,191.8260135,192.6140652,-0.410815869,-8862.4137,2025-10-24 02:42:00,0:03:11,11245.98,False,192.6140652,2025-10-24 02:42:00,original,-8862.4137,-0.410815869
2025-10-24 12:30:00,SOL,Long,195.464904,193.3153792,-1.099698593,-23742.21075,2025-10-24 12:33:00,0:03:16,11045.33,False,193.3153792,2025-10-24 12:33:00,original,-23742.21075,-1.099698593
2025-10-24 12:30:00,SOL,Long,195.4140641,194.4826719,-0.476624986,-10259.7514,2025-10-24 12:33:00,0:03:17,11015.5,False,194.4826719,2025-10-24 12:33:00,original,-10259.7514,-0.476624986
2025-10-24 12:30:00,SOL,Long,194.7266233,194.1670836,-0.287346252,-6107.688669,2025-10-24 12:33:00,0:03:17,10915.56,False,194.1670836,2025-10-24 12:33:00,original,-6107.688669,-0.287346252
2025-10-24 12:30:00,SOL,Long,195.464904,193.3342097,-1.090064895,-82.28741385,2025-10-24 12:33:00,0:03:20,38.62,False,193.3342097,2025-10-24 12:33:00,original,-82.28741385,-1.090064895
2025-10-24 12:30:00,SOL,Long,195.4140641,194.1670836,-0.638122194,-209.9915185,2025-10-24 12:33:00,0:03:21,168.39999999999964,False,194.1670836,2025-10-24 12:33:00,original,-209.9915185,-0.638122194
2025-10-24 12:30:00,SOL,Long,194.7470562,193.7243108,-0.525166056,-11268.10805,2025-10-24 12:33:00,0:03:22,11017.51,False,193.7243108,2025-10-24 12:33:00,original,-11268.10805,-0.525166056
2025-10-24 12:30:00,SOL,Long,194.7266233,193.7243108,-0.514728008,-166.7847948,2025-10-24 12:33:00,0:03:24,166.39999999999964,False,193.7243108,2025-10-24 12:33:00,original,-166.7847948,-0.514728008
2025-10-24 12:30:00,SOL,Long,194.7470562,193.3153792,-0.735146939,-52.44232936,2025-10-24 12:33:00,0:03:26,36.63,False,193.3153792,2025-10-24 12:33:00,original,-52.44232936,-0.735146939
2025-10-10 21:03:00,SOL,Short,197.8213059,198.4714897,-0.328672292,-1.404397053,2025-10-10 21:07:00,0:03:32,2.1599999999998545,False,198.4714897,2025-10-10 21:07:00,original,-1.404397053,-0.328672292
2025-09-29 13:10:00,SOL,Short,205.2657811,205.8904376,-0.304315941,-0.537204584,2025-09-29 13:14:00,0:03:43,0.8600000000005821,False,205.8904376,2025-09-29 13:14:00,original,-0.537204584,-0.304315941
2025-09-29 13:10:00,SOL,Short,205.2657811,205.9693799,-0.342774511,-6439.265645,2025-09-29 13:14:00,0:03:44,9151.9,False,205.9693799,2025-09-29 13:14:00,original,-6439.265645,-0.342774511
2025-10-10 21:03:00,SOL,Short,197.8724218,198.4714897,-0.302754606,-6392.820983,2025-10-10 21:07:00,0:03:47,10671.28,False,198.4714897,2025-10-10 21:07:00,original,-6392.820983,-0.302754606
2025-10-24 13:45:00,SOL,Long,191.5775491,191.0649545,-0.267565032,-5769.287313,2025-10-24 13:48:00,0:03:47,11255.07,False,191.0649545,2025-10-24 13:48:00,original,-5769.287313,-0.267565032
2025-10-24 11:29:00,SOL,Long,191.5475963,190.7454334,-0.41877996,-9039.478,2025-10-24 11:33:00,0:04:20,11268.88,False,190.7454334,2025-10-24 11:33:00,original,-9039.478,-0.41877996
2025-09-30 13:56:00,SOL,Long,208.1466154,207.3065942,-0.403571853,-7054.564834,2025-09-30 14:00:00,0:04:25,8398.08,False,207.3065942,2025-09-30 14:00:00,original,-7054.564834,-0.403571853
2025-09-29 13:10:00,SOL,Short,205.2657811,205.82,-0.270000634,-0.016626567,2025-09-29 13:15:00,0:04:28,0.03,False,205.82,2025-09-29 13:15:00,original,-0.016626567,-0.270000634
2025-10-22 19:07:00,SOL,Long,182.0403444,181.6345875,-0.222893907,-4914.567366,2025-10-22 19:12:00,0:05:04,12112.1,False,181.6345875,2025-10-22 19:12:00,original,-4914.567366,-0.222893907
2025-10-24 13:45:00,SOL,Long,191.8691054,190.8943881,-0.508011579,-10970.51112,2025-10-24 13:50:00,0:05:04,11255.07,False,190.8943881,2025-10-24 13:50:00,original,-10970.51112,-0.508011579
2025-10-10 15:08:00,SOL,Short,218.6937733,218.6410997,0.0240855712557958,356.6974934,2025-10-10 15:13:00,0:05:11,6771.84,False,218.6410997,2025-10-10 15:13:00,original,356.6974934,0.0240855712557958
2025-10-10 15:08:00,SOL,Short,218.6937733,218.6768371,0.007744241,11.836521179190576,2025-10-10 15:13:00,0:05:13,698.8899999999994,False,218.6768371,2025-10-10 15:13:00,original,11.836521179190576,0.007744241
2025-10-24 13:45:00,SOL,Long,191.6470486,190.8843544,-0.397968126,-8586.639758,2025-10-24 13:50:00,0:05:31,11258.3,False,190.8843544,2025-10-24 13:50:00,original,-8586.639758,-0.397968126
2025-10-24 13:45:00,SOL,Long,191.5775491,190.8843544,-0.361835033,-1.220022652,2025-10-24 13:50:00,0:05:32,1.7600000000002185,False,190.8843544,2025-10-24 13:50:00,original,-1.220022652,-0.361835033
2025-10-24 13:45:00,SOL,Long,191.6470486,190.8943881,-0.392732607,-1.324682392,2025-10-24 13:50:00,0:05:33,1.7600000000002185,False,190.8943881,2025-10-24 13:50:00,original,-1.324682392,-0.392732607
2025-10-24 13:53:00,SOL,Short,191.5955588,192.2889754,-0.361916831,-7805.8736,2025-10-24 13:59:00,0:05:40,11257.12,False,192.2889754,2025-10-24 13:59:00,original,-7805.8736,-0.361916831
2025-10-15 20:12:00,SOL,Short,194.917817,195.6507077,-0.375999826,-8015.529799,2025-10-15 20:18:00,0:05:43,10936.87,False,195.6507077,2025-10-15 20:18:00,original,-8015.529799,-0.375999826
2025-10-02 19:01:00,SOL,Short,231.7948876,232.6458825,-0.367132724,-6249.638349,2025-10-02 19:07:00,0:05:51,7343.92,False,232.6458825,2025-10-02 19:07:00,original,-6249.638349,-0.367132724
2025-09-29 13:08:00,SOL,Short,204.8577648,205.8959279,-0.506772619,-18.51044735,2025-09-29 13:14:00,0:05:57,17.829999999999927,False,205.8959279,2025-09-29 13:14:00,original,-18.51044735,-0.506772619
2025-09-29 13:08:00,SOL,Short,204.8577648,205.8904376,-0.504092557,-9450.948671,2025-09-29 13:14:00,0:05:58,9151.93,False,205.8904376,2025-09-29 13:14:00,original,-9450.948671,-0.504092557
2025-10-07 16:24:00,SOL,Short,222.8648875,223.3136037,-0.201340054,-3447.339132,2025-10-07 16:30:00,0:06:25,7682.67,False,223.3136037,2025-10-07 16:30:00,original,-3447.339132,-0.201340054
2025-10-03 15:40:00,SOL,Long,233.3814024,233.7453375,0.1559400645144787,0.003639351,2025-10-03 15:47:00,0:06:27,0.0100000000002182,False,233.7453375,2025-10-03 15:47:00,original,0.003639351,0.1559400645144787
2025-10-21 23:08:00,SOL,Long,188.7317776,188.0029119,-0.386191312,-9047.8549,2025-10-21 23:15:00,0:06:27,12413.61,False,188.0029119,2025-10-21 23:15:00,original,-9047.8549,-0.386191312
2025-10-03 11:34:00,SOL,Short,229.8509489,230.7523428,-0.392164539,-6603.5397,2025-10-03 11:40:00,0:06:38,7325.92,False,230.7523428,2025-10-03 11:40:00,original,-6603.5397,-0.392164539
2025-10-06 17:47:00,SOL,Short,235.9405587,236.813651,-0.370047576,-8.608690254,2025-10-06 17:53:00,0:06:48,9.859999999999673,False,236.813651,2025-10-06 17:53:00,original,-8.608690254,-0.370047576
2025-10-21 23:50:00,SOL,Long,185.8866266,185.1943816,-0.372401696,-8646.3471,2025-10-21 23:57:00,0:07:04,12490.3,False,185.1943816,2025-10-21 23:57:00,original,-8646.3471,-0.372401696
2025-10-24 06:00:00,SOL,Long,193.1952728,192.8688324,-0.168969169,-3645.683657,2025-10-24 06:07:00,0:07:04,11167.99,False,192.8688324,2025-10-24 06:07:00,original,-3645.683657,-0.168969169
2025-10-24 06:00:00,SOL,Long,193.2638783,192.8688324,-0.204407524,-0.454302795,2025-10-24 06:07:00,0:07:04,1.1499999999996362,False,192.8688324,2025-10-24 06:07:00,original,-0.454302795,-0.204407524
2025-10-06 17:47:00,SOL,Short,235.9405587,236.93,-0.419360426,-7201.31232,2025-10-06 17:54:00,0:07:09,7278.16,False,236.93,2025-10-06 17:54:00,original,-7201.31232,-0.419360426
2025-10-22 21:34:00,SOL,Short,177.662084,178.307575,-0.363325134,-8013.674001,2025-10-22 21:41:00,0:07:30,12414.85,False,178.307575,2025-10-22 21:41:00,original,-8013.674001,-0.363325134
2025-09-30 13:53:00,SOL,Long,208.6494394,207.3065942,-0.643589168,-0.013428452,2025-09-30 14:00:00,0:07:37,0.0100000000002182,False,207.3065942,2025-09-30 14:00:00,original,-0.013428452,-0.643589168
2025-10-01 14:00:00,SOL,Long,219.4344896,219.1301488,-0.13869323,-2344.860506,2025-10-01 14:08:00,0:07:42,7704.72,False,219.1301488,2025-10-01 14:08:00,original,-2344.860506,-0.13869323
2025-10-09 17:04:00,SOL,Long,217.4441463,218.2040461,0.3494689645492447,5653.244215208251,2025-10-09 17:12:00,0:07:50,7439.46,False,218.2040461,2025-10-09 17:12:00,original,5653.244215208251,0.3494689645492447
2025-09-29 13:04:00,SOL,Short,204.6335368,205.2145226,-0.283915219,-17.66777678,2025-09-29 13:12:00,0:07:59,30.409999999999854,False,205.2145226,2025-09-29 13:12:00,original,-17.66777678,-0.283915219
2025-10-24 06:00:00,SOL,Long,193.2638783,192.6772164,-0.30355486,-6551.159511,2025-10-24 06:08:00,0:08:02,11166.84,False,192.6772164,2025-10-24 06:08:00,original,-6551.159511,-0.30355486
2025-10-24 06:00:00,SOL,Long,193.4390982,192.6772164,-0.39386133,-0.883782893,2025-10-24 06:08:00,0:08:02,1.1599999999998545,False,192.6772164,2025-10-24 06:08:00,original,-0.883782893,-0.39386133
2025-10-24 06:00:00,SOL,Long,193.6235725,192.6113442,-0.522781505,-1.184307024,2025-10-24 06:08:00,0:08:05,1.1700000000000728,False,192.6113442,2025-10-24 06:08:00,original,-1.184307024,-0.522781505
2025-10-24 06:00:00,SOL,Long,193.4390982,192.6113442,-0.427914508,-9243.387819,2025-10-24 06:08:00,0:08:06,11166.83,False,192.6113442,2025-10-24 06:08:00,original,-9243.387819,-0.427914508
2025-09-29 13:05:00,SOL,Short,205.1146257,205.6239037,-0.24828947,-9.090612598,2025-09-29 13:13:00,0:08:07,17.850000000000364,False,205.6239037,2025-09-29 13:13:00,original,-9.090612598,-0.24828947
2025-10-24 06:00:00,SOL,Long,193.6235725,192.5699911,-0.544138985,-11766.36482,2025-10-24 06:08:00,0:08:09,11167.97,False,192.5699911,2025-10-24 06:08:00,original,-11766.36482,-0.544138985
2025-10-17 12:14:00,SOL,Short,181.2005472,181.8991748,-0.385554908,-8609.167,2025-10-17 12:22:00,0:08:30,12322.97,False,181.8991748,2025-10-17 12:22:00,original,-8609.167,-0.385554908
2025-09-29 13:05:00,SOL,Short,205.0719791,205.8208066,-0.365153505,-14.3625118,2025-09-29 13:14:00,0:08:36,19.18000000000029,False,205.8208066,2025-09-29 13:14:00,original,-14.3625118,-0.365153505
2025-10-01 14:07:00,SOL,Long,219.8561515,219.1447745,-0.323564759,-5480.9608,2025-10-01 14:15:00,0:08:38,7704.72,False,219.1447745,2025-10-01 14:15:00,original,-5480.9608,-0.323564759
2025-09-29 13:05:00,SOL,Short,205.0719791,205.8959279,-0.401785173,-7532.243365,2025-09-29 13:14:00,0:08:39,9141.64,False,205.8959279,2025-09-29 13:14:00,original,-7532.243365,-0.401785173
2025-09-29 13:05:00,SOL,Short,205.1146257,205.8208066,-0.344285986,-6455.644598,2025-09-29 13:14:00,0:08:47,9141.63,False,205.8208066,2025-09-29 13:14:00,original,-6455.644598,-0.344285986
2025-10-03 19:51:00,SOL,Long,233.6508068,232.812841,-0.35864026,-6371.858892,2025-10-03 20:00:00,0:08:49,7603.96,False,232.812841,2025-10-03 20:00:00,original,-6371.858892,-0.35864026
2025-09-29 18:08:00,SOL,Long,209.9264397,209.1987654,-0.346633028,-6174.6227,2025-09-29 18:17:00,0:08:52,8485.42,False,209.1987654,2025-09-29 18:17:00,original,-6174.6227,-0.346633028
2025-10-06 17:44:00,SOL,Short,236.1745424,236.813651,-0.270608582,-4651.540901,2025-10-06 17:53:00,0:08:53,7278.17,False,236.813651,2025-10-06 17:53:00,original,-4651.540901,-0.270608582
2025-10-10 21:03:00,SOL,Short,197.8213059,188.4269447,4.748912717164437,100249.85827945032,2025-10-10 21:13:00,0:09:06,10671.28,False,188.4269447,2025-10-10 21:13:00,original,100249.85827945032,4.748912717164437
2025-09-29 13:04:00,SOL,Short,204.6335368,205.6239037,-0.483970955,-9063.738674,2025-09-29 13:13:00,0:09:12,9151.9,False,205.6239037,2025-09-29 13:13:00,original,-9063.738674,-0.483970955
2025-10-20 21:57:00,SOL,Short,188.7584205,189.4557033,-0.36940486,-8789.256401,2025-10-20 22:07:00,0:10:11,12605.01,False,189.4557033,2025-10-20 22:07:00,original,-8789.256401,-0.36940486
2025-09-29 18:12:00,SOL,Long,209.7550404,209.1825965,-0.272910672,-4857.432564,2025-09-29 18:23:00,0:10:56,8485.43,False,209.1825965,2025-09-29 18:23:00,original,-4857.432564,-0.272910672
2025-10-21 12:30:00,SOL,Short,186.6873131,187.4132155,-0.388833276,-9060.9605,2025-10-21 12:41:00,0:11:01,12482.34,False,187.4132155,2025-10-21 12:41:00,original,-9060.9605,-0.388833276
2025-09-29 18:12:00,SOL,Long,209.7550404,209.13,-0.297985862,-4.419035381,2025-09-29 18:23:00,0:11:02,7.069999999999709,False,209.13,2025-09-29 18:23:00,original,-4.419035381,-0.297985862
2025-10-10 20:50:00,SOL,Short,206.1014805,197.4138423,4.215223549772703,73508.71259990505,2025-10-10 21:01:00,0:11:10,8461.3,False,197.4138423,2025-10-10 21:01:00,original,73508.71259990505,4.215223549772703
2025-10-10 20:50:00,SOL,Short,206.2369859,197.4138423,4.278157743905728,74655.26479968407,2025-10-10 21:01:00,0:11:12,8461.3,False,197.4138423,2025-10-10 21:01:00,original,74655.26479968407,4.278157743905728
2025-10-14 16:38:00,SOL,Short,203.2974196,204.0551869,-0.372738259,-7948.872499,2025-10-14 16:49:00,0:11:13,10489.86,False,204.0551869,2025-10-14 16:49:00,original,-7948.872499,-0.372738259
2025-09-29 13:00:00,SOL,Short,205.1815626,205.1790339,0.001232458,0.1027695135366578,2025-09-29 13:11:00,0:11:20,40.63999999999942,False,205.1790339,2025-09-29 13:11:00,original,0.1027695135366578,0.001232458
2025-10-07 16:15:00,SOL,Short,223.2668249,223.668245,-0.179793869,-3083.973851,2025-10-07 16:27:00,0:11:38,7682.66,False,223.668245,2025-10-07 16:27:00,original,-3083.973851,-0.179793869
2025-09-30 13:56:00,SOL,Long,208.1466154,206.13,-0.968843709,-0.040332308,2025-09-30 14:08:00,0:11:59,0.02,False,206.13,2025-09-30 14:08:00,original,-0.040332308,-0.968843709
2025-09-29 13:00:00,SOL,Short,205.1815626,205.2145226,-0.016063797,-300.3066731,2025-09-29 13:12:00,0:12:31,9111.26,False,205.2145226,2025-09-29 13:12:00,original,-300.3066731,-0.016063797
2025-10-06 17:22:00,SOL,Long,237.1098362,236.1955357,-0.385602121,-6708.6712,2025-10-06 17:34:00,0:12:38,7337.49,False,236.1955357,2025-10-06 17:34:00,original,-6708.6712,-0.385602121
2025-10-24 13:17:00,SOL,Long,193.7371926,192.9877254,-0.386847336,-8348.4347,2025-10-24 13:30:00,0:12:41,11139.16,False,192.9877254,2025-10-24 13:30:00,original,-8348.4347,-0.386847336
2025-09-29 12:57:00,SOL,Short,205.5413261,205.3418728,0.097038045,9.081108025072872,2025-09-29 13:10:00,0:12:51,45.52999999999883,False,205.3418728,2025-09-29 13:10:00,original,9.081108025072872,0.097038045
2025-10-06 17:47:00,SOL,Short,235.9405587,236.42,-0.203204288,-0.009588827,2025-10-06 18:00:00,0:13:01,0.02,False,236.42,2025-10-06 18:00:00,original,-0.009588827,-0.203204288
2025-10-08 22:53:00,SOL,Long,229.1867278,228.2310294,-0.416995528,-6989.1658,2025-10-08 23:06:00,0:13:11,7313.15,False,228.2310294,2025-10-08 23:06:00,original,-6989.1658,-0.416995528
2025-10-22 19:08:00,SOL,Long,182.2818679,181.8095213,-0.259129745,-5721.108528,2025-10-22 19:22:00,0:13:33,12112.1,False,181.8095213,2025-10-22 19:22:00,original,-5721.108528,-0.259129745
2025-10-10 14:59:00,SOL,Short,219.8211848,218.6578559,0.5292160091886406,8205.331006822496,2025-10-10 15:13:00,0:13:41,7053.32,False,218.6578559,2025-10-10 15:13:00,original,8205.331006822496,0.5292160091886406
2025-10-10 14:59:00,SOL,Short,219.8211848,218.6410997,0.5368386664941228,436.8911120157314,2025-10-10 15:13:00,0:13:42,370.22000000000025,False,218.6410997,2025-10-10 15:13:00,original,436.8911120157314,0.5368386664941228
2025-10-08 02:03:00,SOL,Short,221.8119645,222.5667574,-0.340285059,-5720.31932,2025-10-08 02:16:00,0:13:45,7578.66,False,222.5667574,2025-10-08 02:16:00,original,-5720.31932,-0.340285059
2025-10-17 11:14:00,SOL,Long,181.1392199,181.9532277,0.4493824180619363,0.008140078,2025-10-17 11:28:00,0:13:52,0.0100000000002182,False,181.9532277,2025-10-17 11:28:00,original,0.008140078,0.4493824180619363
2025-09-29 12:57:00,SOL,Short,205.5413261,205.1790339,0.1762624617359477,3295.4569601014114,2025-09-29 13:11:00,0:13:58,9096.13,False,205.1790339,2025-09-29 13:11:00,original,3295.4569601014114,0.1762624617359477
2025-09-29 12:56:00,SOL,Short,205.522215,205.3418728,0.087748269,1647.7450674698428,2025-09-29 13:10:00,0:14:02,9136.77,False,205.3418728,2025-09-29 13:10:00,original,1647.7450674698428,0.087748269
2025-10-17 11:14:00,SOL,Long,181.1392199,181.7812565,0.3544437329303535,7722.801599523179,2025-10-17 11:28:00,0:14:04,12028.6,False,181.7812565,2025-10-17 11:28:00,original,7722.801599523179,0.3544437329303535
2025-10-10 14:59:00,SOL,Short,220.1628811,218.6009093,0.7094619098508849,11402.409620287774,2025-10-10 15:13:00,0:14:15,7300.01,False,218.6009093,2025-10-10 15:13:00,original,11402.409620287774,0.7094619098508849
2025-10-10 14:59:00,SOL,Short,220.1628811,218.6578559,0.6835962553316471,155.03264695420563,2025-10-10 15:13:00,0:14:17,103.01000000000022,False,218.6578559,2025-10-10 15:13:00,original,155.03264695420563,0.6835962553316471
2025-09-29 14:32:00,SOL,Short,210.9576967,211.7759929,-0.387895861,-6992.258977,2025-09-29 14:46:00,0:14:38,8544.9,False,211.7759929,2025-09-29 14:46:00,original,-6992.258977,-0.387895861
2025-10-08 22:51:00,SOL,Long,229.1931376,228.3263564,-0.378188087,-6337.2363,2025-10-08 23:06:00,0:14:45,7311.23,False,228.3263564,2025-10-08 23:06:00,original,-6337.2363,-0.378188087
2025-10-03 13:45:00,SOL,Long,229.9889977,229.0942468,-0.38904073,-6542.58841,2025-10-03 14:00:00,0:14:48,7312.19,False,229.0942468,2025-10-03 14:00:00,original,-6542.58841,-0.38904073
2025-10-15 12:31:00,SOL,Long,202.0388984,202.8888336,0.4206789798632096,8871.283400323928,2025-10-15 12:46:00,0:15:01,10437.6,False,202.8888336,2025-10-15 12:46:00,original,8871.283400323928,0.4206789798632096
2025-09-29 14:32:00,SOL,Short,210.9576967,212.03,-0.508302504,-0.010723033,2025-09-29 14:47:00,0:15:02,0.01,False,212.03,2025-09-29 14:47:00,original,-0.010723033,-0.508302504
2025-10-03 19:51:00,SOL,Long,233.6508068,231.53,-0.907682214,-0.021208068,2025-10-03 20:06:00,0:15:02,0.01,False,231.53,2025-10-03 20:06:00,original,-0.021208068,-0.907682214
2025-10-04 20:01:00,SOL,Short,227.108429,227.5868096,-0.210639714,-3700.1922,2025-10-04 20:16:00,0:15:02,7734.83,False,227.5868096,2025-10-04 20:16:00,original,-3700.1922,-0.210639714
2025-10-09 17:04:00,SOL,Long,217.4441463,218.53,0.4993713113927517,26.386244545499743,2025-10-09 17:19:00,0:15:02,24.3,False,218.53,2025-10-09 17:19:00,original,26.386244545499743,0.4993713113927517
2025-10-12 06:45:00,SOL,Short,181.8932406,182.3927284,-0.274604947,-6377.3558,2025-10-12 07:00:00,0:15:02,12767.79,False,182.3927284,2025-10-12 07:00:00,original,-6377.3558,-0.274604947
2025-10-22 06:00:00,SOL,Short,184.1660159,184.3787863,-0.115531842,-0.002127704,2025-10-22 06:15:00,0:15:02,0.0100000000002182,False,184.3787863,2025-10-22 06:15:00,original,-0.002127704,-0.115531842
2025-10-01 17:37:00,SOL,Short,219.0760216,217.9901294,0.4956691443494945,8290.037999732578,2025-10-01 17:52:00,0:15:03,7634.31,False,217.9901294,2025-10-01 17:52:00,original,8290.037999732578,0.4956691443494945
2025-10-06 11:43:00,SOL,Long,233.5325688,233.1083893,-0.18163612,-3179.4756,2025-10-06 11:58:00,0:15:03,7495.59,False,233.1083893,2025-10-06 11:58:00,original,-3179.4756,-0.18163612
2025-10-15 04:01:00,SOL,Short,201.2582088,201.3069973,-0.024241788,-512.1098997,2025-10-15 04:16:00,0:15:03,10496.51,False,201.3069973,2025-10-15 04:16:00,original,-512.1098997,-0.024241788
2025-10-19 12:45:00,SOL,Short,188.3196605,188.7847382,-0.246961845,-5561.7341,2025-10-19 13:00:00,0:15:03,11958.72,False,188.7847382,2025-10-19 13:00:00,original,-5561.7341,-0.246961845
2025-10-21 21:12:00,SOL,Short,191.2597301,189.2539605,1.0487150626431303,23946.802999738084,2025-10-21 21:27:00,0:15:03,11938.96,False,189.2539605,2025-10-21 21:27:00,original,23946.802999738084,1.0487150626431303
2025-10-22 06:00:00,SOL,Short,184.1660159,184.491641,-0.176810633,-4055.862493,2025-10-22 06:15:00,0:15:03,12455.62,False,184.491641,2025-10-22 06:15:00,original,-4055.862493,-0.176810633
2025-10-23 00:06:00,SOL,Short,179.9324615,180.1077397,-0.097413317,-2101.6695,2025-10-23 00:21:00,0:15:03,11990.48,False,180.1077397,2025-10-23 00:21:00,original,-2101.6695,-0.097413317
2025-10-24 09:08:00,SOL,Long,193.1238702,193.0316763,-0.047738242,-1030.4738,2025-10-24 09:23:00,0:15:03,11177.24,False,193.0316763,2025-10-24 09:23:00,original,-1030.4738,-0.047738242
2025-10-24 23:18:00,SOL,Long,193.0820053,193.5255419,0.2297141001333149,4955.204101,2025-10-24 23:33:00,0:15:03,11172.03,False,193.5255419,2025-10-24 23:33:00,original,4955.204101,0.2297141001333149
2025-09-29 14:00:00,SOL,Long,208.9913824,211.2295502,1.0709378603702695,18850.38669949723,2025-09-29 14:15:00,0:15:04,8422.24,False,211.2295502,2025-09-29 14:15:00,original,18850.38669949723,1.0709378603702695
2025-10-02 17:17:00,SOL,Short,228.6313246,228.9279889,-0.129756639,-2218.5982,2025-10-02 17:32:00,0:15:04,7478.48,False,228.9279889,2025-10-02 17:32:00,original,-2218.5982,-0.129756639
2025-10-03 19:01:00,SOL,Long,233.3512378,233.5209489,0.072727768,1291.635899715045,2025-10-03 19:17:00,0:15:04,7610.79,False,233.5209489,2025-10-03 19:17:00,original,1291.635899715045,0.072727768
2025-10-08 14:57:00,SOL,Long,219.8899912,221.2299336,0.6093694402190308,10051.041999649178,2025-10-08 15:12:00,0:15:04,7501.1,False,221.2299336,2025-10-08 15:12:00,original,10051.041999649178,0.6093694402190308
2025-10-11 09:48:00,SOL,Short,185.3461555,184.7190609,0.3383369881840638,7804.731599600691,2025-10-11 10:03:00,0:15:04,12445.86,False,184.7190609,2025-10-11 10:03:00,original,7804.731599600691,0.3383369881840638
2025-10-14 01:05:00,SOL,Short,208.1441976,209.17,-0.492832561,-0.010258024,2025-10-14 01:20:00,0:15:04,0.01,False,209.17,2025-10-14 01:20:00,original,-0.010258024,-0.492832561
2025-10-22 06:00:00,SOL,Short,184.3678166,184.3787863,-0.005949893,-137.2491125,2025-10-22 06:15:00,0:15:04,12511.67,False,184.3787863,2025-10-22 06:15:00,original,-137.2491125,-0.005949893
2025-10-22 20:44:00,SOL,Short,180.4774252,179.7753463,0.3890120369916166,8350.414200316007,2025-10-22 20:59:00,0:15:04,11893.84,False,179.7753463,2025-10-22 20:59:00,original,8350.414200316007,0.3890120369916166
2025-09-30 15:54:00,SOL,Long,205.587659,205.1320383,-0.221618708,-3788.7915,2025-09-30 16:09:00,0:15:05,8315.67,False,205.1320383,2025-09-30 16:09:00,original,-3788.7915,-0.221618708
2025-10-08 12:20:00,SOL,Short,221.6487721,222.2229074,-0.259029291,-4308.7874,2025-10-08 12:35:00,0:15:05,7504.83,False,222.2229074,2025-10-08 12:35:00,original,-4308.7874,-0.259029291
2025-10-13 18:14:00,SOL,Long,204.4680676,206.062777,0.7799307926932477,16802.14549997622,2025-10-13 18:29:00,0:15:05,10536.18,False,206.062777,2025-10-13 18:29:00,original,16802.14549997622,0.7799307926932477
2025-10-19 13:58:00,SOL,Short,190.5376756,190.3231771,0.1125753657074289,2514.7115997974392,2025-10-19 14:13:00,0:15:05,11723.68,False,190.3231771,2025-10-19 14:13:00,original,2514.7115997974392,0.1125753657074289
2025-10-22 06:00:00,SOL,Short,184.1660159,184.45,-0.154200046,-15.91446787,2025-10-22 06:15:00,0:15:05,56.039999999999054,False,184.45,2025-10-22 06:15:00,original,-15.91446787,-0.154200046
2025-10-23 23:01:00,SOL,Long,190.5809608,190.6273782,0.024355749,525.9283997420092,2025-10-23 23:16:00,0:15:05,11330.41,False,190.6273782,2025-10-23 23:16:00,original,525.9283997420092,0.024355749
2025-09-29 03:15:00,SOL,Short,209.0515584,209.3732714,-0.153891724,-2696.0036,2025-09-29 03:30:00,0:15:06,8380.15,False,209.3732714,2025-09-29 03:30:00,original,-2696.0036,-0.153891724
2025-09-29 18:28:00,SOL,Long,209.8599418,210.0025833,0.067969861,1187.0327006569496,2025-09-29 18:43:00,0:15:06,8321.79,False,210.0025833,2025-09-29 18:43:00,original,1187.0327006569496,0.067969861
2025-10-08 14:52:00,SOL,Long,220.3740322,220.7297579,0.1614190727066954,2661.916900316716,2025-10-08 15:07:00,0:15:06,7483.06,False,220.7297579,2025-10-08 15:07:00,original,2661.916900316716,0.1614190727066954
2025-10-09 11:44:00,SOL,Long,223.7679007,223.109409,-0.294274424,-4820.6202,2025-10-09 11:59:00,0:15:06,7320.7,False,223.109409,2025-10-09 11:59:00,original,-4820.6202,-0.294274424
2025-10-15 12:43:00,SOL,Long,202.7995769,203.1081675,0.15216534,3209.3459998268754,2025-10-15 12:58:00,0:15:06,10400.01,False,203.1081675,2025-10-15 12:58:00,original,3209.3459998268754,0.15216534
2025-10-17 11:14:00,SOL,Long,181.1392199,181.5823021,0.244608654339802,30.94929224,2025-10-17 11:29:00,0:15:06,69.84999999999854,False,181.5823021,2025-10-17 11:29:00,original,30.94929224,0.244608654339802
2025-10-17 17:57:00,SOL,Long,183.9396943,184.2094887,0.1466754768430609,3285.939599900325,2025-10-17 18:12:00,0:15:06,12179.42,False,184.2094887,2025-10-17 18:12:00,original,3285.939599900325,0.1466754768430609
2025-10-21 20:55:00,SOL,Long,191.7113998,191.2544545,-0.238350617,-5495.288199,2025-10-21 21:10:00,0:15:06,12026.14,False,191.2544545,2025-10-21 21:10:00,original,-5495.288199,-0.238350617
2025-10-02 19:01:00,SOL,Short,231.7948876,233.12,-0.571674564,-0.013251124,2025-10-02 19:16:00,0:15:07,0.01,False,233.12,2025-10-02 19:16:00,original,-0.013251124,-0.571674564
2025-10-03 13:12:00,SOL,Long,229.2555225,230.2902322,0.451334689483775,7515.831200071433,2025-10-03 13:27:00,0:15:07,7263.71,False,230.2902322,2025-10-03 13:27:00,original,7515.831200071433,0.451334689483775
2025-10-03 14:00:00,SOL,Short,228.7688877,227.5322593,0.5405579256991871,8971.961299922688,2025-10-03 14:15:00,0:15:07,7255.18,False,227.5322593,2025-10-03 14:15:00,original,8971.961299922688,0.5405579256991871
2025-10-16 17:31:00,SOL,Short,190.2636463,189.2481925,0.5337088303185774,11510.738399842816,2025-10-16 17:46:00,0:15:07,11335.56,False,189.2481925,2025-10-16 17:46:00,original,11510.738399842816,0.5337088303185774
2025-10-18 18:54:00,SOL,Short,185.7631132,186.2509859,-0.262631616,-5895.7265,2025-10-18 19:09:00,0:15:07,12084.56,False,186.2509859,2025-10-18 19:09:00,original,-5895.7265,-0.262631616
2025-10-24 03:15:00,SOL,Short,191.6721908,191.4726514,0.1041045140066922,2246.239000922196,2025-10-24 03:31:00,0:15:07,11257.12,False,191.4726514,2025-10-24 03:31:00,original,2246.239000922196,0.1041045140066922
2025-10-24 08:30:00,SOL,Long,192.3094883,193.1660667,0.4454166178645453,9611.024000174544,2025-10-24 08:45:00,0:15:07,11220.25,False,193.1660667,2025-10-24 08:45:00,original,9611.024000174544,0.4454166178645453
2025-09-30 16:34:00,SOL,Short,204.7411475,204.7565448,-0.007520377,-127.5364998,2025-09-30 16:49:00,0:15:08,8283.04,False,204.7565448,2025-09-30 16:49:00,original,-127.5364998,-0.007520377
2025-10-05 15:43:00,SOL,Short,229.967771,230.2379645,-0.117491913,-2050.3123,2025-10-05 15:58:00,0:15:08,7588.31,False,230.2379645,2025-10-05 15:58:00,original,-2050.3123,-0.117491913
2025-10-07 15:27:00,SOL,Short,224.1086564,223.1515094,0.4270906288252515,7254.064499998729,2025-10-07 15:42:00,0:15:08,7578.84,False,223.1515094,2025-10-07 15:42:00,original,7254.064499998729,0.4270906288252515
2025-10-07 17:30:00,SOL,Short,223.6156771,224.3291396,-0.319057461,-5400.6971,2025-10-07 17:45:00,0:15:08,7569.7,False,224.3291396,2025-10-07 17:45:00,original,-5400.6971,-0.319057461
2025-10-08 02:03:00,SOL,Short,221.8119645,222.51,-0.314696974,-0.006980355,2025-10-08 02:18:00,0:15:08,0.01,False,222.51,2025-10-08 02:18:00,original,-0.006980355,-0.314696974
2025-10-09 16:56:00,SOL,Long,218.0924377,218.2040461,0.051174805,0.001116084,2025-10-09 17:12:00,0:15:08,0.0100000000002182,False,218.2040461,2025-10-09 17:12:00,original,0.001116084,0.051174805
2025-10-10 14:58:00,SOL,Short,220.575892,218.6182237,0.8875259470757556,14465.445800473502,2025-10-10 15:13:00,0:15:08,7389.12,False,218.6182237,2025-10-10 15:13:00,original,14465.445800473502,0.8875259470757556
2025-10-17 16:40:00,SOL,Short,183.1603257,181.9813312,0.6436953301554937,14213.19089952682,2025-10-17 16:55:00,0:15:08,12055.35,False,181.9813312,2025-10-17 16:55:00,original,14213.19089952682,0.6436953301554937
2025-10-20 15:52:00,SOL,Short,191.5409399,189.2645178,1.1884780479682464,26683.17179947553,2025-10-20 16:07:00,0:15:08,11721.54,False,189.2645178,2025-10-20 16:07:00,original,26683.17179947553,1.1884780479682464
2025-10-20 15:53:00,SOL,Short,191.8114188,189.3036563,1.3074104300290388,29381.045699576654,2025-10-20 16:08:00,0:15:08,11716.04,False,189.3036563,2025-10-20 16:08:00,original,29381.045699576654,1.3074104300290388
2025-10-22 01:00:00,SOL,Long,185.6393905,186.3235138,0.3685226844355639,8444.106099901455,2025-10-22 01:15:00,0:15:08,12342.96,False,186.3235138,2025-10-22 01:15:00,original,8444.106099901455,0.3685226844355639
2025-10-22 19:07:00,SOL,Long,182.0403444,181.8095213,-0.126797745,-2.301305833,2025-10-22 19:22:00,0:15:08,9.969999999999343,False,181.8095213,2025-10-22 19:22:00,original,-2.301305833,-0.126797745
2025-10-23 05:00:00,SOL,Long,184.0340981,184.425279,0.2125589138128504,4571.417999856087,2025-10-23 05:15:00,0:15:08,11686.2,False,184.425279,2025-10-23 05:15:00,original,4571.417999856087,0.2125589138128504
2025-10-01 11:58:00,SOL,Short,217.6522831,217.5792219,0.033567829,568.4580999,2025-10-01 12:13:00,0:15:09,7780.58,False,217.5792219,2025-10-01 12:13:00,original,568.4580999,0.033567829
2025-10-01 14:00:00,SOL,Long,219.4344896,219.1447745,-0.132028053,-4.174794368,2025-10-01 14:15:00,0:15:09,14.409999999999854,False,219.1447745,2025-10-01 14:15:00,original,-4.174794368,-0.132028053
2025-10-02 10:39:00,SOL,Long,225.3270593,225.1522718,-0.077570591,-1312.1265,2025-10-02 10:54:00,0:15:09,7506.98,False,225.1522718,2025-10-02 10:54:00,original,-1312.1265,-0.077570591
2025-10-03 14:01:00,SOL,Short,228.5656795,227.8728619,0.3031153303126996,5026.516499642689,2025-10-03 14:16:00,0:15:09,7255.18,False,227.8728619,2025-10-03 14:16:00,original,5026.516499642689,0.3031153303126996
2025-10-03 15:40:00,SOL,Long,233.3814024,234.4281159,0.4484991227363313,7586.433214,2025-10-03 15:55:00,0:15:09,7247.86,False,234.4281159,2025-10-03 15:55:00,original,7586.433214,0.4484991227363313
2025-10-07 12:10:00,SOL,Short,230.4334529,229.8008245,0.2745384269832577,4626.069700214925,2025-10-07 12:25:00,0:15:09,7312.46,False,229.8008245,2025-10-07 12:25:00,original,4626.069700214925,0.2745384269832577
2025-10-07 12:53:00,SOL,Long,230.4319263,230.8319092,0.1735796473636171,2942.2063999383704,2025-10-07 13:08:00,0:15:09,7355.83,False,230.8319092,2025-10-07 13:08:00,original,2942.2063999383704,0.1735796473636171
2025-10-10 02:15:00,SOL,Long,220.9383423,221.2893199,0.1588577080189602,2568.7488006434087,2025-10-10 02:30:00,0:15:09,7318.84,False,221.2893199,2025-10-10 02:30:00,original,2568.7488006434087,0.1588577080189602
2025-10-20 02:00:00,SOL,Short,184.8309157,184.6898589,0.076316662,1712.6875001739786,2025-10-20 02:16:00,0:15:09,12141.83,False,184.6898589,2025-10-20 02:16:00,original,1712.6875001739786,0.076316662
2025-10-03 13:45:00,SOL,Long,229.9889977,228.99,-0.434367606,-0.009989977,2025-10-03 14:00:00,0:15:10,0.01,False,228.99,2025-10-03 14:00:00,original,-0.009989977,-0.434367606
2025-10-03 15:31:00,SOL,Long,232.3837346,233.7453375,0.5859286372800002,9907.798446586232,2025-10-03 15:47:00,0:15:10,7276.57,False,233.7453375,2025-10-03 15:47:00,original,9907.798446586232,0.5859286372800002
2025-10-08 12:56:00,SOL,Long,222.0079132,222.0534584,0.020515142,338.6252001674736,2025-10-08 13:11:00,0:15:10,7434.92,False,222.0534584,2025-10-08 13:11:00,original,338.6252001674736,0.020515142
2025-10-10 14:58:00,SOL,Short,221.2668151,218.629774,1.1917923843690366,19329.695499635523,2025-10-10 15:13:00,0:15:10,7330.07,False,218.629774,2025-10-10 15:13:00,original,19329.695499635523,1.1917923843690366
2025-10-13 14:13:00,SOL,Short,194.98993,193.4006301,0.8150676729293507,17425.62430000463,2025-10-13 14:29:00,0:15:10,10964.34,False,193.4006301,2025-10-13 14:29:00,original,17425.62430000463,0.8150676729293507
2025-10-16 18:36:00,SOL,Long,188.1755154,188.5035024,0.1742984304738132,3809.4309008610953,2025-10-16 18:51:00,0:15:10,11614.58,False,188.5035024,2025-10-16 18:51:00,original,3809.4309008610953,0.1742984304738132
2025-10-21 20:51:00,SOL,Long,191.4125128,191.4284995,0.008351945,192.57939939512883,2025-10-21 21:07:00,0:15:10,12046.25,False,191.4284995,2025-10-21 21:07:00,original,192.57939939512883,0.008351945
2025-10-22 20:57:00,SOL,Short,179.7663537,178.1696578,0.8882062151271375,19052.063200264653,2025-10-22 21:12:00,0:15:10,11932.18,False,178.1696578,2025-10-22 21:12:00,original,19052.063200264653,0.8882062151271375
2025-10-24 08:30:00,SOL,Long,192.4302627,192.9773386,0.2842982767175591,6138.328600356332,2025-10-24 08:45:00,0:15:10,11220.25,False,192.9773386,2025-10-24 08:45:00,original,6138.328600356332,0.2842982767175591
2025-10-02 16:01:00,SOL,Long,226.7944084,228.3771849,0.6978904467592475,11760.789199795528,2025-10-02 16:16:00,0:15:11,7430.48,False,228.3771849,2025-10-02 16:16:00,original,11760.789199795528,0.6978904467592475
2025-10-03 18:06:00,SOL,Long,229.2572838,231.9542523,1.1763937955765758,20338.35159972034,2025-10-03 18:21:00,0:15:11,7541.19,False,231.9542523,2025-10-03 18:21:00,original,20338.35159972034,1.1763937955765758
2025-10-08 01:27:00,SOL,Short,222.1253928,221.7948151,0.1488248132707193,2496.2947000934223,2025-10-08 01:42:00,0:15:12,7551.31,False,221.7948151,2025-10-08 01:42:00,original,2496.2947000934223,0.1488248132707193
2025-10-17 11:13:00,SOL,Long,180.1473432,181.9532277,1.002448567206345,21722.24376753734,2025-10-17 11:28:00,0:15:12,12028.59,False,181.9532277,2025-10-17 11:28:00,original,21722.24376753734,1.002448567206345
2025-10-12 21:26:00,SOL,Short,195.6287648,194.2621351,0.6985831990235948,16149.449300077436,2025-10-12 21:42:00,0:15:55,11816.99,True,193.43,2025-10-12 21:41:00,hold_time,25982.781653951908,1.1239475964835168
2025-10-25 04:52:00,SOL,Long,194.4180918,193.5202057,-0.461832549,-3323.049259,2025-10-25 05:11:00,0:18:37,3700.97,True,193.72,2025-10-25 04:52:00,stop_loss,-2583.6168090460533,-0.35906730363249784
2025-10-25 04:52:00,SOL,Long,194.3123787,193.5202057,-0.407680147,-8803.23625,2025-10-25 05:11:00,0:18:47,11112.77,True,194.13,2025-10-25 05:07:00,hold_time,-2026.7325459991691,-0.0938585082536562
2025-10-25 04:52:00,SOL,Long,194.1418147,193.5202057,-0.32018292,-6913.851546,2025-10-25 05:11:00,0:18:57,11122.51,True,194.13,2025-10-25 05:07:00,hold_time,-131.4091188970242,-0.006085602948679029
2025-10-25 04:52:00,SOL,Long,194.0908714,193.5202057,-0.294019823,-6347.89051,2025-10-25 05:11:00,0:19:05,11123.66,True,194.13,2025-10-25 05:07:00,hold_time,435.2532426759773,0.020159938341127958
2025-10-25 04:52:00,SOL,Long,193.9958155,193.5202057,-0.245164964,-5293.793594,2025-10-25 05:11:00,0:19:13,11130.54,True,194.13,2025-10-25 05:07:00,hold_time,1493.5459446300385,0.06916875998286853
2025-10-25 04:52:00,SOL,Long,193.8276859,193.5202057,-0.158635818,-3425.070421,2025-10-25 05:11:00,0:19:22,11139.16,True,194.13,2025-10-25 05:07:00,hold_time,3367.525130155884,0.15597054600133858
2025-10-25 04:51:00,SOL,Long,193.6835934,193.5202057,-0.084358014,-1821.035217,2025-10-25 05:11:00,0:19:42,11145.49,True,194.12,2025-10-25 05:06:00,hold_time,4863.965396233978,0.22531934292375536
2025-10-26 04:58:00,SOL,Short,192.7781869,193.5978318,-0.42517512,-19860.0694,2025-10-26 06:05:00,1:07:48,24230.09,True,193.02,2025-10-26 05:13:00,hold_time,-5859.15317617904,-0.12543592399561138
2025-10-25 12:43:00,SOL,Long,193.4609147,192.552177,-0.469726753,-40.06624403,2025-10-25 14:05:00,1:22:01,44.090000000000146,True,193.88,2025-10-25 12:58:00,hold_time,18.47747087700033,0.21662530679640488
2025-10-25 12:43:00,SOL,Long,193.3335551,192.552177,-0.404160585,-8725.515587,2025-10-25 14:05:00,1:22:05,11166.83,True,193.88,2025-10-25 12:58:00,hold_time,6102.057302666812,0.2826435895814048
2025-10-25 12:45:00,SOL,Long,193.9347001,192.1157403,-0.937923825,-18998.54354,2025-10-25 14:10:00,1:24:51,10444.73,True,193.83,2025-10-25 13:00:00,hold_time,-1093.564275472727,-0.053987295695915476
2025-10-25 12:44:00,SOL,Long,193.8378288,192.1157403,-0.888417139,-19182.61927,2025-10-25 14:10:00,1:25:06,11139.16,True,193.86,2025-10-25 12:59:00,hold_time,246.96854419202785,0.011438015034144098
2025-10-25 12:44:00,SOL,Long,193.7359748,192.1157403,-0.836310589,-18061.1101,2025-10-25 14:10:00,1:25:18,11147.22,True,193.86,2025-10-25 12:59:00,hold_time,1382.5361899440613,0.06401764056884159
2025-10-25 12:44:00,SOL,Long,193.5250024,192.1157403,-0.728206723,-15719.09244,2025-10-25 14:10:00,1:25:43,11154.13,True,193.86,2025-10-25 12:59:00,hold_time,3736.606780088092,0.17310300780030285
2025-10-25 12:43:00,SOL,Long,193.4609147,192.1157403,-0.695321004,-14961.24463,2025-10-25 14:10:00,1:26:17,11122.16,True,193.88,2025-10-25 12:58:00,hold_time,4661.133760248068,0.21662530679640488
2025-10-14 23:26:00,SOL,Long,202.898289,203.0619672,0.080670048,1703.8976993824556,2025-10-15 01:50:00,2:23:24,10410.05,True,202.85,2025-10-14 23:41:00,hold_time,-502.6909044501159,-0.023799609271230045
2025-10-12 12:14:00,SOL,Short,182.113589,186.8426835,-2.596782863,-11982.62686,2025-10-12 14:52:00,2:37:49,2533.81,True,182.73,2025-10-12 12:28:02,stop_loss,-1561.8683559099982,-0.3384761144869861
2025-10-12 12:14:00,SOL,Short,182.113589,186.752071,-2.54702682,-47012.12784,2025-10-12 14:52:00,2:37:56,10135.24,True,182.73,2025-10-12 12:28:02,stop_loss,-6247.473423639993,-0.3384761144869861
