trade_index,trade_time_est,trade_time_utc,trade_direction,trade_action,trade_price,trade_size,trade_pnl,exit_price,return_pct,duration,outlier,news_found,news_timestamp,news_action,news_confidence,news_source,news_text,news_to_trade_seconds,news_to_trade_minutes,news_to_trade_hours
0,2025-10-12 17:07:00-04:00,2025-10-12 21:07:00+00:00,Open Long,BUY,196.5550635,11837.57,-100.8568007,196.5465435,-0.004334693,0:00:03,False,True,2025-10-12 20:02:41+00:00,BUY,85,TruthSocial,"<p>Lord Conrad Black: ""Because President Trump did it, there has been little recognition that it is ",3859.0,64.31666666666666,1.0719444444444444
1,2025-10-10 17:03:00-04:00,2025-10-10 21:03:00+00:00,Open Short,SELL,197.56188,10699.62,-12497.4239,198.729905,-0.591219836,0:00:15,False,True,2025-10-10 21:02:58+00:00,SELL,95,Twitter,"TRUMP: UNITED STATES OF AMERICA WILL IMPOSE A TARIFF OF 100% ON CHINA, OVER AND ABOVE ANY TARIFF THA",2.0,0.03333333333333333,0.0005555555555555556
2,2025-10-22 15:59:00-04:00,2025-10-22 19:59:00+00:00,Open Long,BUY,180.8363903,12089.75,-9499.9811,180.0506022,-0.434529826,0:00:18,False,True,2025-10-22 19:39:26+00:00,BUY,85,TruthSocial,"<p>For all of those people voting in New Jersey and Virginia for Governor, Attorney General, or any ",1174.0,19.566666666666666,0.32611111111111113
3,2025-10-22 12:34:00-04:00,2025-10-22 16:34:00+00:00,Open Short,SELL,183.2381378,12162.76,-8142.8267,183.9076262,-0.365365205,0:00:39,False,True,2025-10-22 16:30:49+00:00,SELL,80,Twitter,üö® TRUMP ADMINISTRATION CONSIDERING PLAN TO RESTRICT GLOBALLY PRODUCED EXPORTS TO CHINA MADE WITH OR ,191.0,3.183333333333333,0.05305555555555556
4,2025-10-13 10:32:00-04:00,2025-10-13 14:32:00+00:00,Open Short,SELL,192.7233088,11297.63,-8792.791001,193.5015951,-0.403836119,0:00:50,False,True,2025-10-13 14:31:48+00:00,SELL,85,News Summary | [] | isHighlight=False | isNarrative=True,*CHINA URGES US TO DROP 100% TARIFF THREAT: FORTUNE<br/>*CHINA CALLS ON US TO 'CORRECT ERRONEOUS PRA,12.0,0.2,0.0033333333333333335
5,2025-10-14 12:19:00-04:00,2025-10-14 16:19:00+00:00,Open Short,SELL,202.6697326,10718.02,-13360.1557,203.916246,-0.615046656,0:01:04,False,True,2025-10-14 15:39:49+00:00,SELL,80,Twitter,*GREER: CHINA RARE EARTHS MEASURE CAME OUT OF NOWHERE @WalterBloomberg,2351.0,39.18333333333333,0.6530555555555555
6,2025-10-17 05:00:00-04:00,2025-10-17 09:00:00+00:00,Open Short,SELL,175.3139069,12485.28,-8288.3316,175.9777552,-0.378662644,0:01:04,False,True,2025-10-16 18:41:27+00:00,SELL,85,TruthSocial,<p>I am outraged that the International Maritime Organization is voting in London this week to pass ,51513.0,858.55,14.309166666666666
7,2025-09-30 09:53:00-04:00,2025-09-30 13:53:00+00:00,Open Long,BUY,208.6494394,8377.15,-5662.005306,207.9735526,-0.323934167,0:01:06,False,True,2025-09-30 13:08:24+00:00,BUY,85,"Velo | [""HOT""] | isHighlight=False | isNarrative=False","THE SEC IS STRONGLY PUSHING FOR ALLOWING STOCKS TO TRADE ONCHAIN, WITH TRADING TO ""BEGIN QUICKLY""
So",2676.0,44.6,0.7433333333333333
8,2025-10-22 10:30:00-04:00,2025-10-22 14:30:00+00:00,Open Long,BUY,182.5379686,12555.28,-10247.0662,181.7218127,-0.447115706,0:01:17,False,True,2025-10-22 14:15:51+00:00,BUY,85,Twitter,"$BYND - BEYOND MEAT HALTED AGAIN ON VOLATILITY, UP 86% @WalterBloomberg",849.0,14.15,0.23583333333333334
9,2025-10-09 12:56:00-04:00,2025-10-09 16:56:00+00:00,Open Long,BUY,218.0924377,7439.46,-6206.550876,217.2581634,-0.382532466,0:01:51,False,True,2025-10-09 16:01:00+00:00,BUY,90,TruthSocial,"<p>Tariffs are only good if you want your Country to be Rich, Influential, and Powerful. If you want",3300.0,55.0,0.9166666666666666
10,2025-10-13 21:05:00-04:00,2025-10-14 01:05:00+00:00,Open Short,SELL,208.1441976,10521.45,-7167.545142,208.8254293,-0.327288339,0:02:03,False,True,2025-10-13 14:37:27+00:00,SELL,85,Twitter,"Government Shutdown Key Dates: 

‚û¢ Oct. 14: Air traffic controllers miss their first paycheck. 
‚û¢ Oc",37653.0,627.55,10.459166666666667
11,2025-10-22 17:42:00-04:00,2025-10-22 21:42:00+00:00,Open Long,BUY,178.4165719,12252.65,-9675.841,177.6268781,-0.442612327,0:02:19,False,True,2025-10-22 19:59:31+00:00,BUY,90,TruthSocial,"<p>Wilton Simpson is the strong and highly popular Agriculture Commissioner for Florida, my ‚ÄúHome‚Äù S",6149.0,102.48333333333333,1.7080555555555557
12,2025-10-22 12:30:00-04:00,2025-10-22 16:30:00+00:00,Open Short,SELL,182.6417571,12364.21,-10850.2063,183.5193066,-0.480475831,0:02:27,False,True,2025-10-22 06:00:05+00:00,SELL,95,"Economic Event | [""WARM""] | isHighlight=False | isNarrative=False",*UK SEPT. CORE CPI UNCHANGED M/M; EST. +0.2%,37795.0,629.9166666666666,10.498611111111112
13,2025-10-24 08:30:00-04:00,2025-10-24 12:30:00+00:00,Open Long,BUY,195.4480406,11015.49,-23284.88318,193.3342097,-1.081530875,0:02:49,False,True,2025-10-24 11:31:08+00:00,BUY,80,TruthSocial,<p>THE STOCK MARKET IS STRONGER THAN EVER BEFORE BECAUSE OF TARIFFS!</p>,3532.0,58.86666666666667,0.9811111111111112
14,2025-10-07 12:24:00-04:00,2025-10-07 16:24:00+00:00,Open Short,SELL,222.8648875,11.710000000000036,-9.407316936,223.668245,-0.360468426,0:02:56,False,True,2025-10-07 16:15:41+00:00,SELL,80,Twitter,TRUMP: INSURRECTION ACT HAS BEEN INVOKED BEFORE @WalterBloomberg,499.0,8.316666666666666,0.1386111111111111
15,2025-10-23 22:39:00-04:00,2025-10-24 02:39:00+00:00,Open Short,SELL,191.8260135,11245.98,-8862.4137,192.6140652,-0.410815869,0:03:11,False,True,2025-10-23 22:16:41+00:00,SELL,80,TruthSocial,"<p><a href=""https://www.breitbart.com/politics/2025/10/21/exclusive-trumps-dhs-issues-nearly-10-bill",15739.0,262.31666666666666,4.371944444444445
16,2025-10-24 08:30:00-04:00,2025-10-24 12:30:00+00:00,Open Long,BUY,195.464904,11045.33,-23742.21075,193.3153792,-1.099698593,0:03:16,False,True,2025-10-24 11:31:08+00:00,BUY,80,TruthSocial,<p>THE STOCK MARKET IS STRONGER THAN EVER BEFORE BECAUSE OF TARIFFS!</p>,3532.0,58.86666666666667,0.9811111111111112
17,2025-10-24 08:30:00-04:00,2025-10-24 12:30:00+00:00,Open Long,BUY,195.4140641,11015.5,-10259.7514,194.4826719,-0.476624986,0:03:17,False,True,2025-10-24 11:31:08+00:00,BUY,80,TruthSocial,<p>THE STOCK MARKET IS STRONGER THAN EVER BEFORE BECAUSE OF TARIFFS!</p>,3532.0,58.86666666666667,0.9811111111111112
18,2025-10-24 08:30:00-04:00,2025-10-24 12:30:00+00:00,Open Long,BUY,194.7266233,10915.56,-6107.688669,194.1670836,-0.287346252,0:03:17,False,True,2025-10-24 11:31:08+00:00,BUY,80,TruthSocial,<p>THE STOCK MARKET IS STRONGER THAN EVER BEFORE BECAUSE OF TARIFFS!</p>,3532.0,58.86666666666667,0.9811111111111112
19,2025-10-24 08:30:00-04:00,2025-10-24 12:30:00+00:00,Open Long,BUY,195.464904,38.62,-82.28741385,193.3342097,-1.090064895,0:03:20,False,True,2025-10-24 11:31:08+00:00,BUY,80,TruthSocial,<p>THE STOCK MARKET IS STRONGER THAN EVER BEFORE BECAUSE OF TARIFFS!</p>,3532.0,58.86666666666667,0.9811111111111112
20,2025-10-24 08:30:00-04:00,2025-10-24 12:30:00+00:00,Open Long,BUY,195.4140641,168.39999999999964,-209.9915185,194.1670836,-0.638122194,0:03:21,False,True,2025-10-24 11:31:08+00:00,BUY,80,TruthSocial,<p>THE STOCK MARKET IS STRONGER THAN EVER BEFORE BECAUSE OF TARIFFS!</p>,3532.0,58.86666666666667,0.9811111111111112
21,2025-10-24 08:30:00-04:00,2025-10-24 12:30:00+00:00,Open Long,BUY,194.7470562,11017.51,-11268.10805,193.7243108,-0.525166056,0:03:22,False,True,2025-10-24 11:31:08+00:00,BUY,80,TruthSocial,<p>THE STOCK MARKET IS STRONGER THAN EVER BEFORE BECAUSE OF TARIFFS!</p>,3532.0,58.86666666666667,0.9811111111111112
22,2025-10-24 08:30:00-04:00,2025-10-24 12:30:00+00:00,Open Long,BUY,194.7266233,166.39999999999964,-166.7847948,193.7243108,-0.514728008,0:03:24,False,True,2025-10-24 11:31:08+00:00,BUY,80,TruthSocial,<p>THE STOCK MARKET IS STRONGER THAN EVER BEFORE BECAUSE OF TARIFFS!</p>,3532.0,58.86666666666667,0.9811111111111112
23,2025-10-24 08:30:00-04:00,2025-10-24 12:30:00+00:00,Open Long,BUY,194.7470562,36.63,-52.44232936,193.3153792,-0.735146939,0:03:26,False,True,2025-10-24 11:31:08+00:00,BUY,80,TruthSocial,<p>THE STOCK MARKET IS STRONGER THAN EVER BEFORE BECAUSE OF TARIFFS!</p>,3532.0,58.86666666666667,0.9811111111111112
24,2025-10-10 17:03:00-04:00,2025-10-10 21:03:00+00:00,Open Short,SELL,197.8213059,2.1599999999998545,-1.404397053,198.4714897,-0.328672292,0:03:32,False,True,2025-10-10 21:02:58+00:00,SELL,95,Twitter,"TRUMP: UNITED STATES OF AMERICA WILL IMPOSE A TARIFF OF 100% ON CHINA, OVER AND ABOVE ANY TARIFF THA",2.0,0.03333333333333333,0.0005555555555555556
25,2025-09-29 09:10:00-04:00,2025-09-29 13:10:00+00:00,Open Short,SELL,205.2657811,0.8600000000005821,-0.537204584,205.8904376,-0.304315941,0:03:43,False,True,2025-09-29 13:08:26+00:00,SELL,80,Twitter,$NFLX - NETFLIX SHARES DOWN 1.6% PREMARKET AFTER US TO IMPOSE 100% TARIFF ON MOVIES MADE OUTSIDE THE,94.0,1.5666666666666667,0.026111111111111113
26,2025-09-29 09:10:00-04:00,2025-09-29 13:10:00+00:00,Open Short,SELL,205.2657811,9151.9,-6439.265645,205.9693799,-0.342774511,0:03:44,False,True,2025-09-29 13:08:26+00:00,SELL,80,Twitter,$NFLX - NETFLIX SHARES DOWN 1.6% PREMARKET AFTER US TO IMPOSE 100% TARIFF ON MOVIES MADE OUTSIDE THE,94.0,1.5666666666666667,0.026111111111111113
27,2025-10-10 17:03:00-04:00,2025-10-10 21:03:00+00:00,Open Short,SELL,197.8724218,10671.28,-6392.820983,198.4714897,-0.302754606,0:03:47,False,True,2025-10-10 21:02:58+00:00,SELL,95,Twitter,"TRUMP: UNITED STATES OF AMERICA WILL IMPOSE A TARIFF OF 100% ON CHINA, OVER AND ABOVE ANY TARIFF THA",2.0,0.03333333333333333,0.0005555555555555556
28,2025-10-24 09:45:00-04:00,2025-10-24 13:45:00+00:00,Open Long,BUY,191.5775491,11255.07,-5769.287313,191.0649545,-0.267565032,0:03:47,False,True,2025-10-24 13:34:13+00:00,BUY,80,Twitter,"*S&amp;P 500, NASDAQ 100 BOTH HIT FRESH RECORD HIGH @WalterBloomberg",647.0,10.783333333333333,0.17972222222222223
29,2025-10-24 07:29:00-04:00,2025-10-24 11:29:00+00:00,Open Long,BUY,191.5475963,11268.88,-9039.478,190.7454334,-0.41877996,0:04:20,False,True,2025-10-24 08:30:00+00:00,BUY,95,"Economic Event | [""WARM""] | isHighlight=False | isNarrative=False",*UK OCT. MANUFACTURING PMI AT 49.6; EST. 46.6,10740.0,179.0,2.9833333333333334
30,2025-09-30 09:56:00-04:00,2025-09-30 13:56:00+00:00,Open Long,BUY,208.1466154,8398.08,-7054.564834,207.3065942,-0.403571853,0:04:25,False,True,2025-09-30 13:08:24+00:00,BUY,85,"Velo | [""HOT""] | isHighlight=False | isNarrative=False","THE SEC IS STRONGLY PUSHING FOR ALLOWING STOCKS TO TRADE ONCHAIN, WITH TRADING TO ""BEGIN QUICKLY""
So",2856.0,47.6,0.7933333333333333
31,2025-09-29 09:10:00-04:00,2025-09-29 13:10:00+00:00,Open Short,SELL,205.2657811,0.03,-0.016626567,205.82,-0.270000634,0:04:28,False,True,2025-09-29 13:08:26+00:00,SELL,80,Twitter,$NFLX - NETFLIX SHARES DOWN 1.6% PREMARKET AFTER US TO IMPOSE 100% TARIFF ON MOVIES MADE OUTSIDE THE,94.0,1.5666666666666667,0.026111111111111113
32,2025-10-22 15:07:00-04:00,2025-10-22 19:07:00+00:00,Open Long,BUY,182.0403444,12112.1,-4914.567366,181.6345875,-0.222893907,0:05:04,False,True,2025-10-22 16:56:55+00:00,BUY,85,Twitter,"$GM $F - TRUMP: MARY BARRA OF GENERAL MOTORS, AND BILL FORD OF FORD MOTOR COMPANY, JUST CALLED

TRUM",7805.0,130.08333333333334,2.1680555555555556
33,2025-10-24 09:45:00-04:00,2025-10-24 13:45:00+00:00,Open Long,BUY,191.8691054,11255.07,-10970.51112,190.8943881,-0.508011579,0:05:04,False,True,2025-10-24 13:34:13+00:00,BUY,80,Twitter,"*S&amp;P 500, NASDAQ 100 BOTH HIT FRESH RECORD HIGH @WalterBloomberg",647.0,10.783333333333333,0.17972222222222223
34,2025-10-10 11:08:00-04:00,2025-10-10 15:08:00+00:00,Open Short,SELL,218.6937733,6771.84,356.6974934,218.6410997,0.0240855712557958,0:05:11,False,True,2025-10-10 15:02:49+00:00,SELL,80,Twitter,OFFSHORE YUAN PARES GAINS AS TRUMPS SUGGESTS TARIFF HIKES @WalterBloomberg,311.0,5.183333333333334,0.08638888888888889
35,2025-10-10 11:08:00-04:00,2025-10-10 15:08:00+00:00,Open Short,SELL,218.6937733,698.8899999999994,11.836521179190576,218.6768371,0.007744241,0:05:13,False,True,2025-10-10 15:02:49+00:00,SELL,80,Twitter,OFFSHORE YUAN PARES GAINS AS TRUMPS SUGGESTS TARIFF HIKES @WalterBloomberg,311.0,5.183333333333334,0.08638888888888889
36,2025-10-24 09:45:00-04:00,2025-10-24 13:45:00+00:00,Open Long,BUY,191.6470486,11258.3,-8586.639758,190.8843544,-0.397968126,0:05:31,False,True,2025-10-24 13:34:13+00:00,BUY,80,Twitter,"*S&amp;P 500, NASDAQ 100 BOTH HIT FRESH RECORD HIGH @WalterBloomberg",647.0,10.783333333333333,0.17972222222222223
37,2025-10-24 09:45:00-04:00,2025-10-24 13:45:00+00:00,Open Long,BUY,191.5775491,1.7600000000002185,-1.220022652,190.8843544,-0.361835033,0:05:32,False,True,2025-10-24 13:34:13+00:00,BUY,80,Twitter,"*S&amp;P 500, NASDAQ 100 BOTH HIT FRESH RECORD HIGH @WalterBloomberg",647.0,10.783333333333333,0.17972222222222223
38,2025-10-24 09:45:00-04:00,2025-10-24 13:45:00+00:00,Open Long,BUY,191.6470486,1.7600000000002185,-1.324682392,190.8943881,-0.392732607,0:05:33,False,True,2025-10-24 13:34:13+00:00,BUY,80,Twitter,"*S&amp;P 500, NASDAQ 100 BOTH HIT FRESH RECORD HIGH @WalterBloomberg",647.0,10.783333333333333,0.17972222222222223
39,2025-10-24 09:53:00-04:00,2025-10-24 13:53:00+00:00,Open Short,SELL,191.5955588,11257.12,-7805.8736,192.2889754,-0.361916831,0:05:40,False,True,2025-10-24 03:15:50+00:00,SELL,80,TruthSocial,<p>The Ronald Reagan Foundation has just announced that Canada has fraudulently used an advertisemen,38230.0,637.1666666666666,10.619444444444444
40,2025-10-15 16:12:00-04:00,2025-10-15 20:12:00+00:00,Open Short,SELL,194.917817,10936.87,-8015.529799,195.6507077,-0.375999826,0:05:43,False,True,2025-10-15 18:56:11+00:00,SELL,85,Twitter,U.S. SENATE REJECTS REPUBLICAN GOVERNMENT FUNDING BILL; NO CLEAR PATH TO ENDING SHUTDOWN @WalterBloo,4549.0,75.81666666666666,1.263611111111111
41,2025-10-02 15:01:00-04:00,2025-10-02 19:01:00+00:00,Open Short,SELL,231.7948876,7343.92,-6249.638349,232.6458825,-0.367132724,0:05:51,False,True,2025-10-02 19:00:35+00:00,SELL,85,Twitter,"PUTIN: SOME PEOPLE ARE PREPARING NUCLEAR TESTS - IF THEY DO A TEST, WE WOULD ALSO TEST @WalterBloomb",25.0,0.4166666666666667,0.006944444444444444
42,2025-09-29 09:08:00-04:00,2025-09-29 13:08:00+00:00,Open Short,SELL,204.8577648,17.829999999999927,-18.51044735,205.8959279,-0.506772619,0:05:57,False,True,2025-09-29 13:05:44+00:00,SELL,80,Twitter,üö® TRUMP: WILL IMPOSING SUBSTANTIAL TARIFFS ON FURNITURE @WalterBloomberg,136.0,2.2666666666666666,0.03777777777777778
43,2025-09-29 09:08:00-04:00,2025-09-29 13:08:00+00:00,Open Short,SELL,204.8577648,9151.93,-9450.948671,205.8904376,-0.504092557,0:05:58,False,True,2025-09-29 13:05:44+00:00,SELL,80,Twitter,üö® TRUMP: WILL IMPOSING SUBSTANTIAL TARIFFS ON FURNITURE @WalterBloomberg,136.0,2.2666666666666666,0.03777777777777778
44,2025-10-07 12:24:00-04:00,2025-10-07 16:24:00+00:00,Open Short,SELL,222.8648875,7682.67,-3447.339132,223.3136037,-0.201340054,0:06:25,False,True,2025-10-07 16:15:41+00:00,SELL,80,Twitter,TRUMP: INSURRECTION ACT HAS BEEN INVOKED BEFORE @WalterBloomberg,499.0,8.316666666666666,0.1386111111111111
45,2025-10-03 11:40:00-04:00,2025-10-03 15:40:00+00:00,Open Long,BUY,233.3814024,0.0100000000002182,0.003639351,233.7453375,0.1559400645144787,0:06:27,False,True,2025-10-03 15:31:50+00:00,BUY,80,Twitter,"CHINA PUSHES TRUMP TO DROP CURBS AS IT DANGLES INVESTMENT 

China is pushing to roll back restrictio",490.0,8.166666666666666,0.1361111111111111
46,2025-10-21 19:08:00-04:00,2025-10-21 23:08:00+00:00,Open Long,BUY,188.7317776,12413.61,-9047.8549,188.0029119,-0.386191312,0:06:27,False,True,2025-10-21 20:55:15+00:00,BUY,80,Twitter,TRUMP ADMINISTRATION IS PLANNING TO RELEASE MORE THAN $3 BILLION  TO U.S. FARMERS IN AID FROZEN BY S,7965.0,132.75,2.2125
47,2025-10-03 07:34:00-04:00,2025-10-03 11:34:00+00:00,Open Short,SELL,229.8509489,7325.92,-6603.5397,230.7523428,-0.392164539,0:06:38,False,True,2025-10-03 09:00:02+00:00,SELL,80,Economic Event | [] | isHighlight=False | isNarrative=False,*EURO AREA AUG. PRODUCER PRICES FALL 0.6% Y/Y; EST. -0.4%,9238.0,153.96666666666667,2.5661111111111112
48,2025-10-06 13:47:00-04:00,2025-10-06 17:47:00+00:00,Open Short,SELL,235.9405587,9.859999999999673,-8.608690254,236.813651,-0.370047576,0:06:48,False,True,2025-10-06 17:44:54+00:00,SELL,90,TruthSocial,"<p>Beginning November 1st, 2025, all Medium and Heavy Duty Trucks coming into the United States from",126.0,2.1,0.035
49,2025-10-21 19:50:00-04:00,2025-10-21 23:50:00+00:00,Open Long,BUY,185.8866266,12490.3,-8646.3471,185.1943816,-0.372401696,0:07:04,False,True,2025-10-21 23:08:26+00:00,BUY,88,TruthSocial,"<p>Congressman Paul Gosar, D.D.S., is an America First Patriot, who is doing a fantastic job represe",2494.0,41.56666666666667,0.6927777777777778
50,2025-10-24 02:00:00-04:00,2025-10-24 06:00:00+00:00,Open Long,BUY,193.1952728,11167.99,-3645.683657,192.8688324,-0.168969169,0:07:04,False,True,2025-10-24 02:39:58+00:00,BUY,90,TruthSocial,<p>MAKE AMERICA GREAT AGAIN!!!</p>,12002.0,200.03333333333333,3.3338888888888887
51,2025-10-24 02:00:00-04:00,2025-10-24 06:00:00+00:00,Open Long,BUY,193.2638783,1.1499999999996362,-0.454302795,192.8688324,-0.204407524,0:07:04,False,True,2025-10-24 02:39:58+00:00,BUY,90,TruthSocial,<p>MAKE AMERICA GREAT AGAIN!!!</p>,12002.0,200.03333333333333,3.3338888888888887
52,2025-10-06 13:47:00-04:00,2025-10-06 17:47:00+00:00,Open Short,SELL,235.9405587,7278.16,-7201.31232,236.93,-0.419360426,0:07:09,False,True,2025-10-06 17:44:54+00:00,SELL,90,TruthSocial,"<p>Beginning November 1st, 2025, all Medium and Heavy Duty Trucks coming into the United States from",126.0,2.1,0.035
53,2025-10-22 17:34:00-04:00,2025-10-22 21:34:00+00:00,Open Short,SELL,177.662084,12414.85,-8013.674001,178.307575,-0.363325134,0:07:30,False,True,2025-10-22 20:57:01+00:00,SELL,80,TruthSocial,"<p>‚ÄúTreasury Sanctions Major Russian Oil Companies, Calls on Moscow to Immediately Agree to Ceasefir",2219.0,36.983333333333334,0.6163888888888889
54,2025-09-30 09:53:00-04:00,2025-09-30 13:53:00+00:00,Open Long,BUY,208.6494394,0.0100000000002182,-0.013428452,207.3065942,-0.643589168,0:07:37,False,True,2025-09-30 13:08:24+00:00,BUY,85,"Velo | [""HOT""] | isHighlight=False | isNarrative=False","THE SEC IS STRONGLY PUSHING FOR ALLOWING STOCKS TO TRADE ONCHAIN, WITH TRADING TO ""BEGIN QUICKLY""
So",2676.0,44.6,0.7433333333333333
55,2025-10-01 10:00:00-04:00,2025-10-01 14:00:00+00:00,Open Long,BUY,219.4344896,7704.72,-2344.860506,219.1301488,-0.13869323,0:07:42,False,True,2025-10-01 06:00:07+00:00,BUY,85,Economic Event | [] | isHighlight=False | isNarrative=False,*UK SEPT. NATIONWIDE HOUSE PRICES RISE 0.5% M/M; EST. +0.2%,28793.0,479.8833333333333,7.998055555555555
56,2025-10-09 13:04:00-04:00,2025-10-09 17:04:00+00:00,Open Long,BUY,217.4441463,7439.46,5653.244215208251,218.2040461,0.3494689645492447,0:07:50,False,True,2025-10-09 16:56:46+00:00,BUY,80,Twitter,"BRENT, US CRUDE FUTURES FALL BY OVER $1 AFTER GAZA CEASEFIRE DEAL @WalterBloomberg",434.0,7.233333333333333,0.12055555555555555
57,2025-09-29 09:04:00-04:00,2025-09-29 13:04:00+00:00,Open Short,SELL,204.6335368,30.409999999999854,-17.66777678,205.2145226,-0.283915219,0:07:59,False,True,2025-09-29 12:59:56+00:00,SELL,80,Twitter,TRUMP ON TRUTH SOCIAL SAYS HE WILL IMPOST 100% TARIFF ON 'ANY AND ALL MOVIES' MADE OUTSIDE OF U.S. @,244.0,4.066666666666666,0.06777777777777778
58,2025-10-24 02:00:00-04:00,2025-10-24 06:00:00+00:00,Open Long,BUY,193.2638783,11166.84,-6551.159511,192.6772164,-0.30355486,0:08:02,False,True,2025-10-24 02:39:58+00:00,BUY,90,TruthSocial,<p>MAKE AMERICA GREAT AGAIN!!!</p>,12002.0,200.03333333333333,3.3338888888888887
59,2025-10-24 02:00:00-04:00,2025-10-24 06:00:00+00:00,Open Long,BUY,193.4390982,1.1599999999998545,-0.883782893,192.6772164,-0.39386133,0:08:02,False,True,2025-10-24 02:39:58+00:00,BUY,90,TruthSocial,<p>MAKE AMERICA GREAT AGAIN!!!</p>,12002.0,200.03333333333333,3.3338888888888887
60,2025-10-24 02:00:00-04:00,2025-10-24 06:00:00+00:00,Open Long,BUY,193.6235725,1.1700000000000728,-1.184307024,192.6113442,-0.522781505,0:08:05,False,True,2025-10-24 02:39:58+00:00,BUY,90,TruthSocial,<p>MAKE AMERICA GREAT AGAIN!!!</p>,12002.0,200.03333333333333,3.3338888888888887
61,2025-10-24 02:00:00-04:00,2025-10-24 06:00:00+00:00,Open Long,BUY,193.4390982,11166.83,-9243.387819,192.6113442,-0.427914508,0:08:06,False,True,2025-10-24 02:39:58+00:00,BUY,90,TruthSocial,<p>MAKE AMERICA GREAT AGAIN!!!</p>,12002.0,200.03333333333333,3.3338888888888887
62,2025-09-29 09:05:00-04:00,2025-09-29 13:05:00+00:00,Open Short,SELL,205.1146257,17.850000000000364,-9.090612598,205.6239037,-0.24828947,0:08:07,False,True,2025-09-29 13:04:21+00:00,SELL,80,TruthSocial,"<p>In order to make North Carolina, which has completely lost its furniture business to China, and o",39.0,0.65,0.010833333333333334
63,2025-10-24 02:00:00-04:00,2025-10-24 06:00:00+00:00,Open Long,BUY,193.6235725,11167.97,-11766.36482,192.5699911,-0.544138985,0:08:09,False,True,2025-10-24 02:39:58+00:00,BUY,90,TruthSocial,<p>MAKE AMERICA GREAT AGAIN!!!</p>,12002.0,200.03333333333333,3.3338888888888887
64,2025-10-17 08:14:00-04:00,2025-10-17 12:14:00+00:00,Open Short,SELL,181.2005472,12322.97,-8609.167,181.8991748,-0.385554908,0:08:30,False,True,2025-10-16 18:41:27+00:00,SELL,85,TruthSocial,<p>I am outraged that the International Maritime Organization is voting in London this week to pass ,63153.0,1052.55,17.5425
65,2025-09-29 09:05:00-04:00,2025-09-29 13:05:00+00:00,Open Short,SELL,205.0719791,19.18000000000029,-14.3625118,205.8208066,-0.365153505,0:08:36,False,True,2025-09-29 13:04:21+00:00,SELL,80,TruthSocial,"<p>In order to make North Carolina, which has completely lost its furniture business to China, and o",39.0,0.65,0.010833333333333334
66,2025-10-01 10:07:00-04:00,2025-10-01 14:07:00+00:00,Open Long,BUY,219.8561515,7704.72,-5480.9608,219.1447745,-0.323564759,0:08:38,False,True,2025-10-01 14:06:56+00:00,BUY,85,Twitter,"BITCOIN JUMPS ON WEAK JOBS DATA, FED CUT BETS

Bitcoin hit a two-week high of $116,910 after ADP rep",4.0,0.06666666666666667,0.0011111111111111111
67,2025-09-29 09:05:00-04:00,2025-09-29 13:05:00+00:00,Open Short,SELL,205.0719791,9141.64,-7532.243365,205.8959279,-0.401785173,0:08:39,False,True,2025-09-29 13:04:21+00:00,SELL,80,TruthSocial,"<p>In order to make North Carolina, which has completely lost its furniture business to China, and o",39.0,0.65,0.010833333333333334
68,2025-09-29 09:05:00-04:00,2025-09-29 13:05:00+00:00,Open Short,SELL,205.1146257,9141.63,-6455.644598,205.8208066,-0.344285986,0:08:47,False,True,2025-09-29 13:04:21+00:00,SELL,80,TruthSocial,"<p>In order to make North Carolina, which has completely lost its furniture business to China, and o",39.0,0.65,0.010833333333333334
69,2025-10-03 15:51:00-04:00,2025-10-03 19:51:00+00:00,Open Long,BUY,233.6508068,7603.96,-6371.858892,232.812841,-0.35864026,0:08:49,False,True,2025-10-03 19:01:54+00:00,BUY,80,Twitter,"TRUMP CONSIDERING SIGNIFICANT TARIFF RELIEF FOR U.S. AUTO PRODUCTION, REPUBLICAN SENATOR MORENO SAYS",2946.0,49.1,0.8183333333333334
70,2025-09-29 14:08:00-04:00,2025-09-29 18:08:00+00:00,Open Long,BUY,209.9264397,8485.42,-6174.6227,209.1987654,-0.346633028,0:08:52,False,True,2025-09-29 16:04:34+00:00,BUY,85,Twitter,KALSHI PREDICTION MARKET SURPASSES ELECTION DAY VOLUME WITH $500M+ TRADED IN A SINGLE WEEKEND @Walte,7406.0,123.43333333333334,2.0572222222222223
71,2025-10-06 13:44:00-04:00,2025-10-06 17:44:00+00:00,Open Short,SELL,236.1745424,7278.17,-4651.540901,236.813651,-0.270608582,0:08:53,False,True,2025-10-06 17:24:29+00:00,SELL,85,Twitter,WHITE HOUSE: HUNDREDS OF THOUSANDS OF FEDERAL WORKERS HAVE BEEN FURLOUGHED @WalterBloomberg,1171.0,19.516666666666666,0.3252777777777778
72,2025-10-10 17:03:00-04:00,2025-10-10 21:03:00+00:00,Open Short,SELL,197.8213059,10671.28,100249.85827945032,188.4269447,4.748912717164437,0:09:06,False,True,2025-10-10 21:02:58+00:00,SELL,95,Twitter,"TRUMP: UNITED STATES OF AMERICA WILL IMPOSE A TARIFF OF 100% ON CHINA, OVER AND ABOVE ANY TARIFF THA",2.0,0.03333333333333333,0.0005555555555555556
73,2025-09-29 09:04:00-04:00,2025-09-29 13:04:00+00:00,Open Short,SELL,204.6335368,9151.9,-9063.738674,205.6239037,-0.483970955,0:09:12,False,True,2025-09-29 12:59:56+00:00,SELL,80,Twitter,TRUMP ON TRUTH SOCIAL SAYS HE WILL IMPOST 100% TARIFF ON 'ANY AND ALL MOVIES' MADE OUTSIDE OF U.S. @,244.0,4.066666666666666,0.06777777777777778
74,2025-10-20 17:57:00-04:00,2025-10-20 21:57:00+00:00,Open Short,SELL,188.7584205,12605.01,-8789.256401,189.4557033,-0.36940486,0:10:11,False,True,2025-10-20 16:18:59+00:00,SELL,80,Twitter,üö®TRUMP: CHINA IS IN BIG TROUBLE IF THEY DON'T DO BUSINESS W/ US @WalterBloomberg,20281.0,338.01666666666665,5.633611111111111
75,2025-09-29 14:12:00-04:00,2025-09-29 18:12:00+00:00,Open Long,BUY,209.7550404,8485.43,-4857.432564,209.1825965,-0.272910672,0:10:56,False,True,2025-09-29 16:04:34+00:00,BUY,85,Twitter,KALSHI PREDICTION MARKET SURPASSES ELECTION DAY VOLUME WITH $500M+ TRADED IN A SINGLE WEEKEND @Walte,7646.0,127.43333333333334,2.1238888888888887
76,2025-10-21 08:30:00-04:00,2025-10-21 12:30:00+00:00,Open Short,SELL,186.6873131,12482.34,-9060.9605,187.4132155,-0.388833276,0:11:01,False,True,2025-10-21 12:16:17+00:00,SELL,85,Twitter,"SPOT GOLD  EXTENDS LOSSES, LAST DOWN NEARLY 5% AT $4,214.29/OZ @WalterBloomberg",823.0,13.716666666666667,0.2286111111111111
77,2025-09-29 14:12:00-04:00,2025-09-29 18:12:00+00:00,Open Long,BUY,209.7550404,7.069999999999709,-4.419035381,209.13,-0.297985862,0:11:02,False,True,2025-09-29 16:04:34+00:00,BUY,85,Twitter,KALSHI PREDICTION MARKET SURPASSES ELECTION DAY VOLUME WITH $500M+ TRADED IN A SINGLE WEEKEND @Walte,7646.0,127.43333333333334,2.1238888888888887
78,2025-10-10 16:50:00-04:00,2025-10-10 20:50:00+00:00,Open Short,SELL,206.1014805,8461.3,73508.71259990505,197.4138423,4.215223549772703,0:11:10,False,True,2025-10-10 20:00:00+00:00,SELL,90,"TradFi | [""WARM""] | isHighlight=False | isNarrative=False","*S&P 500 CLOSES 2.7% LOWER, NASDAQ SINKS 3.5%",3000.0,50.0,0.8333333333333334
79,2025-10-10 16:50:00-04:00,2025-10-10 20:50:00+00:00,Open Short,SELL,206.2369859,8461.3,74655.26479968407,197.4138423,4.278157743905728,0:11:12,False,True,2025-10-10 20:00:00+00:00,SELL,90,"TradFi | [""WARM""] | isHighlight=False | isNarrative=False","*S&P 500 CLOSES 2.7% LOWER, NASDAQ SINKS 3.5%",3000.0,50.0,0.8333333333333334
80,2025-10-14 12:38:00-04:00,2025-10-14 16:38:00+00:00,Open Short,SELL,203.2974196,10489.86,-7948.872499,204.0551869,-0.372738259,0:11:13,False,True,2025-10-14 15:39:49+00:00,SELL,80,Twitter,*GREER: CHINA RARE EARTHS MEASURE CAME OUT OF NOWHERE @WalterBloomberg,3491.0,58.18333333333333,0.9697222222222223
81,2025-09-29 09:00:00-04:00,2025-09-29 13:00:00+00:00,Open Short,SELL,205.1815626,40.63999999999942,0.1027695135366578,205.1790339,0.001232458,0:11:20,False,True,2025-09-29 12:59:56+00:00,SELL,80,Twitter,TRUMP ON TRUTH SOCIAL SAYS HE WILL IMPOST 100% TARIFF ON 'ANY AND ALL MOVIES' MADE OUTSIDE OF U.S. @,4.0,0.06666666666666667,0.0011111111111111111
82,2025-10-07 12:15:00-04:00,2025-10-07 16:15:00+00:00,Open Short,SELL,223.2668249,7682.66,-3083.973851,223.668245,-0.179793869,0:11:38,False,True,2025-10-07 15:27:24+00:00,SELL,90,Twitter,"EU SETS OUT PLAN TO CUT STEEL IMPORT QUOTAS, IMPOSE 50% LEVY

EU: PLAN IS TO LIMIT TARIFF-FREE STEEL",2856.0,47.6,0.7933333333333333
83,2025-09-30 09:56:00-04:00,2025-09-30 13:56:00+00:00,Open Long,BUY,208.1466154,0.02,-0.040332308,206.13,-0.968843709,0:11:59,False,True,2025-09-30 13:08:24+00:00,BUY,85,"Velo | [""HOT""] | isHighlight=False | isNarrative=False","THE SEC IS STRONGLY PUSHING FOR ALLOWING STOCKS TO TRADE ONCHAIN, WITH TRADING TO ""BEGIN QUICKLY""
So",2856.0,47.6,0.7933333333333333
84,2025-09-29 09:00:00-04:00,2025-09-29 13:00:00+00:00,Open Short,SELL,205.1815626,9111.26,-300.3066731,205.2145226,-0.016063797,0:12:31,False,True,2025-09-29 12:59:56+00:00,SELL,80,Twitter,TRUMP ON TRUTH SOCIAL SAYS HE WILL IMPOST 100% TARIFF ON 'ANY AND ALL MOVIES' MADE OUTSIDE OF U.S. @,4.0,0.06666666666666667,0.0011111111111111111
85,2025-10-06 13:22:00-04:00,2025-10-06 17:22:00+00:00,Open Long,BUY,237.1098362,7337.49,-6708.6712,236.1955357,-0.385602121,0:12:38,False,True,2025-10-06 17:16:24+00:00,BUY,88,Twitter,CHATGPT NOW HAS 800M WEEKLY USERS: ALTMAN @WalterBloomberg,336.0,5.6,0.09333333333333334
86,2025-10-24 09:17:00-04:00,2025-10-24 13:17:00+00:00,Open Long,BUY,193.7371926,11139.16,-8348.4347,192.9877254,-0.386847336,0:12:41,False,True,2025-10-24 12:30:52+00:00,BUY,95,Twitter,"*US SEPT. CONSUMER PRICES RISE 0.3% M/M; EST. +0.4%
*US SEPT. CONSUMER PRICES RISE 3% Y/Y; EST. +3.1",2768.0,46.13333333333333,0.7688888888888888
87,2025-09-29 08:57:00-04:00,2025-09-29 12:57:00+00:00,Open Short,SELL,205.5413261,45.52999999999883,9.081108025072872,205.3418728,0.097038045,0:12:51,False,True,2025-09-29 12:56:03+00:00,SELL,80,TruthSocial,"<p>Our movie making business has been stolen from the United States of America, by other Countries, ",57.0,0.95,0.015833333333333335
88,2025-10-06 13:47:00-04:00,2025-10-06 17:47:00+00:00,Open Short,SELL,235.9405587,0.02,-0.009588827,236.42,-0.203204288,0:13:01,False,True,2025-10-06 17:44:54+00:00,SELL,90,TruthSocial,"<p>Beginning November 1st, 2025, all Medium and Heavy Duty Trucks coming into the United States from",126.0,2.1,0.035
89,2025-10-08 18:53:00-04:00,2025-10-08 22:53:00+00:00,Open Long,BUY,229.1867278,7313.15,-6989.1658,228.2310294,-0.416995528,0:13:11,False,True,2025-10-08 22:51:35+00:00,BUY,85,TruthSocial,<p>I am very proud to announce that Israel and Hamas have both signed off on the first Phase of our ,85.0,1.4166666666666667,0.02361111111111111
90,2025-10-22 15:08:00-04:00,2025-10-22 19:08:00+00:00,Open Long,BUY,182.2818679,12112.1,-5721.108528,181.8095213,-0.259129745,0:13:33,False,True,2025-10-22 19:07:15+00:00,BUY,80,Twitter,THE TRUMP ADMINISTRATION HAS LIFTED A KEY RESTRICTION ON UKRAINE‚ÄôS USE OF SOME LONG-RANGE MISSILES P,45.0,0.75,0.0125
91,2025-10-10 10:59:00-04:00,2025-10-10 14:59:00+00:00,Open Short,SELL,219.8211848,7053.32,8205.331006822496,218.6578559,0.5292160091886406,0:13:41,False,True,2025-10-10 14:58:23+00:00,SELL,80,"TradFi | [""HOT""] | isHighlight=False | isNarrative=False",*TRUMP: CONSIDERING MASSIVE INCREASE OF TARIFFS ON CHINESE PRODUCTS,37.0,0.6166666666666667,0.010277777777777778
92,2025-10-10 10:59:00-04:00,2025-10-10 14:59:00+00:00,Open Short,SELL,219.8211848,370.22000000000025,436.8911120157314,218.6410997,0.5368386664941228,0:13:42,False,True,2025-10-10 14:58:23+00:00,SELL,80,"TradFi | [""HOT""] | isHighlight=False | isNarrative=False",*TRUMP: CONSIDERING MASSIVE INCREASE OF TARIFFS ON CHINESE PRODUCTS,37.0,0.6166666666666667,0.010277777777777778
93,2025-10-07 22:03:00-04:00,2025-10-08 02:03:00+00:00,Open Short,SELL,221.8119645,7578.66,-5720.31932,222.5667574,-0.340285059,0:13:45,False,True,2025-10-08 01:26:45+00:00,SELL,90,TruthSocial,"<p>Sanctimonious Richard ‚ÄúDa Nang Dick‚Äù Blumenthal, perhaps the biggest ‚Äújoke‚Äù in the United States ",2175.0,36.25,0.6041666666666666
94,2025-10-17 07:14:00-04:00,2025-10-17 11:14:00+00:00,Open Long,BUY,181.1392199,0.0100000000002182,0.008140078,181.9532277,0.4493824180619363,0:13:52,False,True,2025-10-17 11:13:12+00:00,BUY,80,Bloomberg | [] | isHighlight=True | isNarrative=False,"*TRUMP, ASKED IF HIGH CHINA TARIFFS WILL STAND: NO",48.0,0.8,0.013333333333333334
95,2025-09-29 08:57:00-04:00,2025-09-29 12:57:00+00:00,Open Short,SELL,205.5413261,9096.13,3295.4569601014114,205.1790339,0.1762624617359477,0:13:58,False,True,2025-09-29 12:56:03+00:00,SELL,80,TruthSocial,"<p>Our movie making business has been stolen from the United States of America, by other Countries, ",57.0,0.95,0.015833333333333335
96,2025-09-29 08:56:00-04:00,2025-09-29 12:56:00+00:00,Open Short,SELL,205.522215,9136.77,1647.7450674698428,205.3418728,0.087748269,0:14:02,False,True,2025-09-29 07:24:33+00:00,SELL,95,Economic Event | [] | isHighlight=False | isNarrative=False,*SPAIN PRELIM SEPT. CONSUMER PRICES RISE 0.4% M/M; EST. -0.2%,19887.0,331.45,5.524166666666667
97,2025-10-17 07:14:00-04:00,2025-10-17 11:14:00+00:00,Open Long,BUY,181.1392199,12028.6,7722.801599523179,181.7812565,0.3544437329303535,0:14:04,False,True,2025-10-17 11:13:12+00:00,BUY,80,Bloomberg | [] | isHighlight=True | isNarrative=False,"*TRUMP, ASKED IF HIGH CHINA TARIFFS WILL STAND: NO",48.0,0.8,0.013333333333333334
98,2025-10-10 10:59:00-04:00,2025-10-10 14:59:00+00:00,Open Short,SELL,220.1628811,7300.01,11402.409620287774,218.6009093,0.7094619098508849,0:14:15,False,True,2025-10-10 14:58:23+00:00,SELL,80,"TradFi | [""HOT""] | isHighlight=False | isNarrative=False",*TRUMP: CONSIDERING MASSIVE INCREASE OF TARIFFS ON CHINESE PRODUCTS,37.0,0.6166666666666667,0.010277777777777778
99,2025-10-10 10:59:00-04:00,2025-10-10 14:59:00+00:00,Open Short,SELL,220.1628811,103.01000000000022,155.03264695420563,218.6578559,0.6835962553316471,0:14:17,False,True,2025-10-10 14:58:23+00:00,SELL,80,"TradFi | [""HOT""] | isHighlight=False | isNarrative=False",*TRUMP: CONSIDERING MASSIVE INCREASE OF TARIFFS ON CHINESE PRODUCTS,37.0,0.6166666666666667,0.010277777777777778
100,2025-09-29 10:32:00-04:00,2025-09-29 14:32:00+00:00,Open Short,SELL,210.9576967,8544.9,-6992.258977,211.7759929,-0.387895861,0:14:38,False,True,2025-09-29 13:08:26+00:00,SELL,80,Twitter,$NFLX - NETFLIX SHARES DOWN 1.6% PREMARKET AFTER US TO IMPOSE 100% TARIFF ON MOVIES MADE OUTSIDE THE,5014.0,83.56666666666666,1.3927777777777777
101,2025-10-08 18:51:00-04:00,2025-10-08 22:51:00+00:00,Open Long,BUY,229.1931376,7311.23,-6337.2363,228.3263564,-0.378188087,0:14:45,False,True,2025-10-08 17:08:32+00:00,BUY,92,Twitter,"SPOT PALLADIUM  EXTENDS GAINS, LAST UP NEARLY 8% TO $1,445.19/OZ @WalterBloomberg",20548.0,342.46666666666664,5.707777777777777
102,2025-10-03 09:45:00-04:00,2025-10-03 13:45:00+00:00,Open Long,BUY,229.9889977,7312.19,-6542.58841,229.0942468,-0.38904073,0:14:48,False,True,2025-10-03 13:12:44+00:00,BUY,87,Twitter,"BITCOIN POISED FOR NEW HIGH, SAYS STANDARD CHARTERED

Standard Chartered‚Äôs Geoff Kendrick says Bitco",1936.0,32.266666666666666,0.5377777777777778
103,2025-10-15 08:31:00-04:00,2025-10-15 12:31:00+00:00,Open Long,BUY,202.0388984,10437.6,8871.283400323928,202.8888336,0.4206789798632096,0:15:01,False,True,2025-10-15 12:30:00+00:00,BUY,95,"Economic Event | [""WARM""] | isHighlight=False | isNarrative=False",*US OCT. EMPIRE STATE FACTORY INDEX AT 10.7; EST. -1.4,60.0,1.0,0.016666666666666666
104,2025-09-29 10:32:00-04:00,2025-09-29 14:32:00+00:00,Open Short,SELL,210.9576967,0.01,-0.010723033,212.03,-0.508302504,0:15:02,False,True,2025-09-29 13:08:26+00:00,SELL,80,Twitter,$NFLX - NETFLIX SHARES DOWN 1.6% PREMARKET AFTER US TO IMPOSE 100% TARIFF ON MOVIES MADE OUTSIDE THE,5014.0,83.56666666666666,1.3927777777777777
105,2025-10-03 15:51:00-04:00,2025-10-03 19:51:00+00:00,Open Long,BUY,233.6508068,0.01,-0.021208068,231.53,-0.907682214,0:15:02,False,True,2025-10-03 19:01:54+00:00,BUY,80,Twitter,"TRUMP CONSIDERING SIGNIFICANT TARIFF RELIEF FOR U.S. AUTO PRODUCTION, REPUBLICAN SENATOR MORENO SAYS",2946.0,49.1,0.8183333333333334
106,2025-10-04 16:01:00-04:00,2025-10-04 20:01:00+00:00,Open Short,SELL,227.108429,7734.83,-3700.1922,227.5868096,-0.210639714,0:15:02,False,True,2025-10-03 23:26:52+00:00,SELL,85,TruthSocial,"<p>To ICE, Border Patrol, Law Enforcement, and all U.S. Military: As per my August 25, 2025 Executiv",74048.0,1234.1333333333334,20.56888888888889
107,2025-10-09 13:04:00-04:00,2025-10-09 17:04:00+00:00,Open Long,BUY,217.4441463,24.3,26.386244545499743,218.53,0.4993713113927517,0:15:02,False,True,2025-10-09 16:56:46+00:00,BUY,80,Twitter,"BRENT, US CRUDE FUTURES FALL BY OVER $1 AFTER GAZA CEASEFIRE DEAL @WalterBloomberg",434.0,7.233333333333333,0.12055555555555555
108,2025-10-12 02:45:00-04:00,2025-10-12 06:45:00+00:00,Open Short,SELL,181.8932406,12767.79,-6377.3558,182.3927284,-0.274604947,0:15:02,False,True,2025-10-11 09:48:11+00:00,SELL,95,Twitter,"$19B WIPED FROM CRYPTO AFTER TRUMP TARIFF SHOCK

Over $19 billion in leveraged crypto positions were",75409.0,1256.8166666666666,20.946944444444444
109,2025-10-22 02:00:00-04:00,2025-10-22 06:00:00+00:00,Open Short,SELL,184.1660159,0.0100000000002182,-0.002127704,184.3787863,-0.115531842,0:15:02,False,True,2025-10-21 22:27:51+00:00,SELL,90,Twitter,"RUSSIA LAUNCHES AIR ATTACK ON KYIV, UKRAINE'S AIR DEFENCE UNITS OPERATING, KYIV'S MAYOR SAYS @Walter",27129.0,452.15,7.535833333333334
110,2025-10-01 13:37:00-04:00,2025-10-01 17:37:00+00:00,Open Short,SELL,219.0760216,7634.31,8290.037999732578,217.9901294,0.4956691443494945,0:15:03,False,True,2025-10-01 14:30:01+00:00,SELL,95,"Economic Event | [""WARM""] | isHighlight=False | isNarrative=False",*US CRUDE OIL INVENTORIES ROSE 1.792M BARRELS; EST. +1.048M,11219.0,186.98333333333332,3.116388888888889
111,2025-10-06 07:43:00-04:00,2025-10-06 11:43:00+00:00,Open Long,BUY,233.5325688,7495.59,-3179.4756,233.1083893,-0.18163612,0:15:03,False,True,2025-10-06 10:57:31+00:00,BUY,85,Twitter,*AMD SHARES JUMP 16% ON CHIP DEAL WITH OPENAI @WalterBloomberg,2729.0,45.483333333333334,0.7580555555555556
112,2025-10-15 00:01:00-04:00,2025-10-15 04:01:00+00:00,Open Short,SELL,201.2582088,10496.51,-512.1098997,201.3069973,-0.024241788,0:15:03,False,True,2025-10-14 16:38:20+00:00,SELL,80,Twitter,FED'S POWELL: A RISK THAT SLOW PASS THROUGH OF TARIFFS STARTS TO LOOK LIKE PERSISTENT INFLATION @Wal,40960.0,682.6666666666666,11.377777777777778
113,2025-10-19 08:45:00-04:00,2025-10-19 12:45:00+00:00,Open Short,SELL,188.3196605,11958.72,-5561.7341,188.7847382,-0.246961845,0:15:03,False,True,2025-10-18 20:04:04+00:00,SELL,85,Twitter,"ECB OFFICIAL WARNS OF STABLECOIN RISKS

Piero Cipollone of the European Central Bank said Europe mus",60056.0,1000.9333333333333,16.682222222222222
114,2025-10-21 17:12:00-04:00,2025-10-21 21:12:00+00:00,Open Short,SELL,191.2597301,11938.96,23946.802999738084,189.2539605,1.0487150626431303,0:15:03,False,True,2025-10-21 16:30:13+00:00,SELL,80,Twitter,CHINA EYES 3-WAY CURRENCY SWAP WITH JAPAN AND SOUTH KOREA AMID TRUMP‚ÄôS TARIFF WAR: SOURCE @WalterBlo,16907.0,281.78333333333336,4.6963888888888885
115,2025-10-22 02:00:00-04:00,2025-10-22 06:00:00+00:00,Open Short,SELL,184.1660159,12455.62,-4055.862493,184.491641,-0.176810633,0:15:03,False,True,2025-10-21 22:27:51+00:00,SELL,90,Twitter,"RUSSIA LAUNCHES AIR ATTACK ON KYIV, UKRAINE'S AIR DEFENCE UNITS OPERATING, KYIV'S MAYOR SAYS @Walter",27129.0,452.15,7.535833333333334
116,2025-10-22 20:06:00-04:00,2025-10-23 00:06:00+00:00,Open Short,SELL,179.9324615,11990.48,-2101.6695,180.1077397,-0.097413317,0:15:03,False,True,2025-10-22 21:34:10+00:00,SELL,80,Twitter,"TRUMP: AS OF TODAY, STOPPED ALL PAYMENTS GOING TO COLOMBIA @WalterBloomberg",9110.0,151.83333333333334,2.5305555555555554
117,2025-10-24 05:08:00-04:00,2025-10-24 09:08:00+00:00,Open Long,BUY,193.1238702,11177.24,-1030.4738,193.0316763,-0.047738242,0:15:03,False,True,2025-10-24 08:30:00+00:00,BUY,95,"Economic Event | [""WARM""] | isHighlight=False | isNarrative=False",*UK OCT. MANUFACTURING PMI AT 49.6; EST. 46.6,2280.0,38.0,0.6333333333333333
118,2025-10-24 19:18:00-04:00,2025-10-24 23:18:00+00:00,Open Long,BUY,193.0820053,11172.03,4955.204101,193.5255419,0.2297141001333149,0:15:03,False,True,2025-10-24 13:45:32+00:00,BUY,95,Twitter,"*US S&amp;P OCT. MANUFACTURING PMI AT 52.2; EST. 52.0

*US S&amp;P OCT. SERVICES PMI AT 55.2; EST. 5",34348.0,572.4666666666667,9.54111111111111
119,2025-09-29 10:00:00-04:00,2025-09-29 14:00:00+00:00,Open Long,BUY,208.9913824,8422.24,18850.38669949723,211.2295502,1.0709378603702695,0:15:04,False,True,2025-09-29 11:52:23+00:00,BUY,85,Twitter,$EA - ELECTRONIC ARTS SAID TO NEAR BUYOUT DEAL AT ABOUT $210/SHARE @WalterBloomberg,7657.0,127.61666666666666,2.1269444444444443
120,2025-10-02 13:17:00-04:00,2025-10-02 17:17:00+00:00,Open Short,SELL,228.6313246,7478.48,-2218.5982,228.9279889,-0.129756639,0:15:04,False,True,2025-10-02 14:35:28+00:00,SELL,85,Twitter,"FED'S LOGAN: INFLATION IS RUNNING ABOVE TARGET, TRENDING HIGHER @WalterBloomberg",9692.0,161.53333333333333,2.692222222222222
121,2025-10-03 15:01:00-04:00,2025-10-03 19:01:00+00:00,Open Long,BUY,233.3512378,7610.79,1291.635899715045,233.5209489,0.072727768,0:15:04,False,True,2025-10-03 18:06:22+00:00,BUY,90,TruthSocial,"<p>It is my Great Honor to endorse America First Patriot Matt Van Epps, who is running to represent ",3278.0,54.63333333333333,0.9105555555555556
122,2025-10-08 10:57:00-04:00,2025-10-08 14:57:00+00:00,Open Long,BUY,219.8899912,7501.1,10051.041999649178,221.2299336,0.6093694402190308,0:15:04,False,True,2025-10-08 14:52:14+00:00,BUY,90,TruthSocial,"<p>Florida Attorney General James Uthmeier is doing a GREAT job for the Sunshine State, which I won ",286.0,4.766666666666667,0.07944444444444444
123,2025-10-11 05:48:00-04:00,2025-10-11 09:48:00+00:00,Open Short,SELL,185.3461555,12445.86,7804.731599600691,184.7190609,0.3383369881840638,0:15:04,False,True,2025-10-10 21:18:38+00:00,SELL,90,"Velo | [""HOT""] | isHighlight=False | isNarrative=False","OVER $550B GETS WIPED OFF CRYPTO MARKETCAP IN 7 HOURS AS TRUMP INCREASES CHINA TARIFFS
Source: Marke",44962.0,749.3666666666667,12.489444444444445
124,2025-10-13 21:05:00-04:00,2025-10-14 01:05:00+00:00,Open Short,SELL,208.1441976,0.01,-0.010258024,209.17,-0.492832561,0:15:04,False,True,2025-10-13 14:37:27+00:00,SELL,85,Twitter,"Government Shutdown Key Dates: 

‚û¢ Oct. 14: Air traffic controllers miss their first paycheck. 
‚û¢ Oc",37653.0,627.55,10.459166666666667
125,2025-10-22 02:00:00-04:00,2025-10-22 06:00:00+00:00,Open Short,SELL,184.3678166,12511.67,-137.2491125,184.3787863,-0.005949893,0:15:04,False,True,2025-10-21 22:27:51+00:00,SELL,90,Twitter,"RUSSIA LAUNCHES AIR ATTACK ON KYIV, UKRAINE'S AIR DEFENCE UNITS OPERATING, KYIV'S MAYOR SAYS @Walter",27129.0,452.15,7.535833333333334
126,2025-10-22 16:44:00-04:00,2025-10-22 20:44:00+00:00,Open Short,SELL,180.4774252,11893.84,8350.414200316007,179.7753463,0.3890120369916166,0:15:04,False,True,2025-10-22 20:14:03+00:00,SELL,90,Twitter,*BEYOND MEAT SHARES FALL 15% IN POSTMARKET TRADING @WalterBloomberg,1797.0,29.95,0.49916666666666665
127,2025-09-30 11:54:00-04:00,2025-09-30 15:54:00+00:00,Open Long,BUY,205.587659,8315.67,-3788.7915,205.1320383,-0.221618708,0:15:05,False,True,2025-09-30 15:51:50+00:00,BUY,82,Twitter,TRUMP: US WILL BE PAYING MOST FAVORED NATIONS PRICE @WalterBloomberg,130.0,2.1666666666666665,0.03611111111111111
128,2025-10-08 08:20:00-04:00,2025-10-08 12:20:00+00:00,Open Short,SELL,221.6487721,7504.83,-4308.7874,222.2229074,-0.259029291,0:15:05,False,True,2025-10-08 12:19:54+00:00,SELL,85,TruthSocial,<p>Chicago Mayor should be in jail for failing to protect Ice Officers! Governor Pritzker also!</p>,6.0,0.1,0.0016666666666666668
129,2025-10-13 14:14:00-04:00,2025-10-13 18:14:00+00:00,Open Long,BUY,204.4680676,10536.18,16802.14549997622,206.062777,0.7799307926932477,0:15:05,False,True,2025-10-13 16:19:49+00:00,BUY,80,Twitter,"SPOT PALLADIUM  EXTENDS GAINS, LAST UP OVER 7% AT $1,505.7/OZ @WalterBloomberg",6851.0,114.18333333333334,1.9030555555555555
130,2025-10-19 09:58:00-04:00,2025-10-19 13:58:00+00:00,Open Short,SELL,190.5376756,11723.68,2514.7115997974392,190.3231771,0.1125753657074289,0:15:05,False,True,2025-10-18 20:04:04+00:00,SELL,85,Twitter,"ECB OFFICIAL WARNS OF STABLECOIN RISKS

Piero Cipollone of the European Central Bank said Europe mus",64436.0,1073.9333333333334,17.898888888888887
131,2025-10-22 02:00:00-04:00,2025-10-22 06:00:00+00:00,Open Short,SELL,184.1660159,56.039999999999054,-15.91446787,184.45,-0.154200046,0:15:05,False,True,2025-10-21 22:27:51+00:00,SELL,90,Twitter,"RUSSIA LAUNCHES AIR ATTACK ON KYIV, UKRAINE'S AIR DEFENCE UNITS OPERATING, KYIV'S MAYOR SAYS @Walter",27129.0,452.15,7.535833333333334
132,2025-10-23 19:01:00-04:00,2025-10-23 23:01:00+00:00,Open Long,BUY,190.5809608,11330.41,525.9283997420092,190.6273782,0.024355749,0:15:05,False,True,2025-10-23 16:58:24+00:00,BUY,90,"Twitter | [""WARM""] | isHighlight=False | isNarrative=True",Deeply grateful for today‚Äôs pardon and to President Trump for upholding America‚Äôs commitment to fair,21756.0,362.6,6.043333333333333
133,2025-09-28 23:15:00-04:00,2025-09-29 03:15:00+00:00,Open Short,SELL,209.0515584,8380.15,-2696.0036,209.3732714,-0.153891724,0:15:06,False,True,2025-09-28 17:08:15+00:00,SELL,80,TruthSocial,<p>I have been briefed on the horrendous shooting that took place at the Church of Jesus Christ of L,36405.0,606.75,10.1125
134,2025-09-29 14:28:00-04:00,2025-09-29 18:28:00+00:00,Open Long,BUY,209.8599418,8321.79,1187.0327006569496,210.0025833,0.067969861,0:15:06,False,True,2025-09-29 18:12:42+00:00,BUY,80,Twitter,"WHITE HOUSE UNVEILS TRUMP‚ÄôS PLAN TO END GAZA WAR

The White House outlined President Trump‚Äôs proposa",918.0,15.3,0.255
135,2025-10-08 10:52:00-04:00,2025-10-08 14:52:00+00:00,Open Long,BUY,220.3740322,7483.06,2661.916900316716,220.7297579,0.1614190727066954,0:15:06,False,True,2025-10-08 12:10:32+00:00,BUY,85,Twitter,$NVDA - NVIDIA CEO SAYS ALREADY AN INVESTOR IN ELON MUSK'S XAI @WalterBloomberg,9688.0,161.46666666666667,2.6911111111111112
136,2025-10-09 07:44:00-04:00,2025-10-09 11:44:00+00:00,Open Long,BUY,223.7679007,7320.7,-4820.6202,223.109409,-0.294274424,0:15:06,False,True,2025-10-09 11:43:35+00:00,BUY,85,TruthSocial,"<p>United States Ambassador Mike Huckabee is AMAZING! He worked so hard, and did so much, to bring a",25.0,0.4166666666666667,0.006944444444444444
137,2025-10-15 08:43:00-04:00,2025-10-15 12:43:00+00:00,Open Long,BUY,202.7995769,10400.01,3209.3459998268754,203.1081675,0.15216534,0:15:06,False,True,2025-10-15 12:31:24+00:00,BUY,95,Twitter,*US OCT. EMPIRE STATE FACTORY INDEX AT 10.7; EST. -1.4 @WalterBloomberg,696.0,11.6,0.19333333333333333
138,2025-10-17 07:14:00-04:00,2025-10-17 11:14:00+00:00,Open Long,BUY,181.1392199,69.84999999999854,30.94929224,181.5823021,0.244608654339802,0:15:06,False,True,2025-10-17 11:13:12+00:00,BUY,80,Bloomberg | [] | isHighlight=True | isNarrative=False,"*TRUMP, ASKED IF HIGH CHINA TARIFFS WILL STAND: NO",48.0,0.8,0.013333333333333334
139,2025-10-17 13:57:00-04:00,2025-10-17 17:57:00+00:00,Open Long,BUY,183.9396943,12179.42,3285.939599900325,184.2094887,0.1466754768430609,0:15:06,False,True,2025-10-17 17:56:58+00:00,BUY,80,Twitter,"üö® Canada Extends by Two Months Exemption From Counter Tariffs on US Goods Used in Manufacturing, Pro",2.0,0.03333333333333333,0.0005555555555555556
140,2025-10-21 16:55:00-04:00,2025-10-21 20:55:00+00:00,Open Long,BUY,191.7113998,12026.14,-5495.288199,191.2544545,-0.238350617,0:15:06,False,True,2025-10-21 20:51:51+00:00,BUY,80,"DJ | [""HOT""] | isHighlight=False | isNarrative=False",*Trump Administration to Release Over $3 Billion in Farm Aid Frozen by Shutdown -- WSJ,189.0,3.15,0.0525
141,2025-10-02 15:01:00-04:00,2025-10-02 19:01:00+00:00,Open Short,SELL,231.7948876,0.01,-0.013251124,233.12,-0.571674564,0:15:07,False,True,2025-10-02 19:00:35+00:00,SELL,85,Twitter,"PUTIN: SOME PEOPLE ARE PREPARING NUCLEAR TESTS - IF THEY DO A TEST, WE WOULD ALSO TEST @WalterBloomb",25.0,0.4166666666666667,0.006944444444444444
142,2025-10-03 09:12:00-04:00,2025-10-03 13:12:00+00:00,Open Long,BUY,229.2555225,7263.71,7515.831200071433,230.2902322,0.451334689483775,0:15:07,False,True,2025-10-03 07:15:00+00:00,BUY,95,Economic Event | [] | isHighlight=False | isNarrative=False,*SPAIN SEPT. SERVICES PMI RISES TO 54.3; EST. 53.1,21420.0,357.0,5.95
143,2025-10-03 10:00:00-04:00,2025-10-03 14:00:00+00:00,Open Short,SELL,228.7688877,7255.18,8971.961299922688,227.5322593,0.5405579256991871,0:15:07,False,True,2025-10-03 13:08:12+00:00,SELL,90,Twitter,"$DKNG - SPRUCE POINT: HOLDS A MATERIAL SHORT POSITION IN DRAFTKINGS

SPRUCE POINT: ESTIMATE SHARES O",3108.0,51.8,0.8633333333333333
144,2025-10-16 13:31:00-04:00,2025-10-16 17:31:00+00:00,Open Short,SELL,190.2636463,11335.56,11510.738399842816,189.2481925,0.5337088303185774,0:15:07,False,True,2025-10-16 17:30:50+00:00,SELL,90,"TradFi | [""WARM""] | isHighlight=False | isNarrative=False"," *TRUMP: IF HAMAS CONTINUES TO KILL IN GAZA, US WILL 'GO IN AND KILL THEM'",10.0,0.16666666666666666,0.002777777777777778
145,2025-10-18 14:54:00-04:00,2025-10-18 18:54:00+00:00,Open Short,SELL,185.7631132,12084.56,-5895.7265,186.2509859,-0.262631616,0:15:07,False,True,2025-10-18 00:48:46+00:00,SELL,80,Twitter,"*US TO EXTEND USMCA TARIFF CARVEOUT TO MEDIUM, HEAVY TRUCK LEVY

*US TO IMPOSE 10% TARIFF ON IMPORTE",65114.0,1085.2333333333333,18.087222222222223
146,2025-10-23 23:15:00-04:00,2025-10-24 03:15:00+00:00,Open Short,SELL,191.6721908,11257.12,2246.239000922196,191.4726514,0.1041045140066922,0:15:07,False,True,2025-10-23 22:16:41+00:00,SELL,80,TruthSocial,"<p><a href=""https://www.breitbart.com/politics/2025/10/21/exclusive-trumps-dhs-issues-nearly-10-bill",17899.0,298.31666666666666,4.9719444444444445
147,2025-10-24 04:30:00-04:00,2025-10-24 08:30:00+00:00,Open Long,BUY,192.3094883,11220.25,9611.024000174544,193.1660667,0.4454166178645453,0:15:07,False,True,2025-10-24 06:00:01+00:00,BUY,95,"Economic Event | [""WARM""] | isHighlight=False | isNarrative=False",*UK SEPT. RETAIL SALES RISE 1.5% Y/Y; EST. +0.4%,8999.0,149.98333333333332,2.499722222222222
148,2025-09-30 12:34:00-04:00,2025-09-30 16:34:00+00:00,Open Short,SELL,204.7411475,8283.04,-127.5364998,204.7565448,-0.007520377,0:15:08,False,True,2025-09-30 16:25:28+00:00,SELL,85,Twitter,"750,000 EMPLOYEES COULD BE FURLOUGHED EACH DAY IN A GOVERNMENT SHUTDOWN: CBO @WalterBloomberg",512.0,8.533333333333333,0.14222222222222222
149,2025-10-05 11:43:00-04:00,2025-10-05 15:43:00+00:00,Open Short,SELL,229.967771,7588.31,-2050.3123,230.2379645,-0.117491913,0:15:08,False,True,2025-10-04 20:01:42+00:00,SELL,90,TruthSocial,<p>Corrupt Letitia James is costing New York State Hundreds of Billions of Dollars in lost business.,70878.0,1181.3,19.688333333333333
150,2025-10-07 11:27:00-04:00,2025-10-07 15:27:00+00:00,Open Short,SELL,224.1086564,7578.84,7254.064499998729,223.1515094,0.4270906288252515,0:15:08,False,True,2025-10-07 13:42:55+00:00,SELL,80,Twitter,$F - FORD SHARES FALL 4.4% AFTER WSJ REPORTS FIRE AT CO'S SUPPLIER SET TO DISRUPT BUSINESS FOR MONTH,6245.0,104.08333333333333,1.7347222222222223
151,2025-10-07 13:30:00-04:00,2025-10-07 17:30:00+00:00,Open Short,SELL,223.6156771,7569.7,-5400.6971,224.3291396,-0.319057461,0:15:08,False,True,2025-10-07 16:24:27+00:00,SELL,80,Twitter,TRUMP: WILL HAVE TARIFFS WITH CANADA @WalterBloomberg,3933.0,65.55,1.0925
152,2025-10-07 22:03:00-04:00,2025-10-08 02:03:00+00:00,Open Short,SELL,221.8119645,0.01,-0.006980355,222.51,-0.314696974,0:15:08,False,True,2025-10-08 01:26:45+00:00,SELL,90,TruthSocial,"<p>Sanctimonious Richard ‚ÄúDa Nang Dick‚Äù Blumenthal, perhaps the biggest ‚Äújoke‚Äù in the United States ",2175.0,36.25,0.6041666666666666
153,2025-10-09 12:56:00-04:00,2025-10-09 16:56:00+00:00,Open Long,BUY,218.0924377,0.0100000000002182,0.001116084,218.2040461,0.051174805,0:15:08,False,True,2025-10-09 16:01:00+00:00,BUY,90,TruthSocial,"<p>Tariffs are only good if you want your Country to be Rich, Influential, and Powerful. If you want",3300.0,55.0,0.9166666666666666
154,2025-10-10 10:58:00-04:00,2025-10-10 14:58:00+00:00,Open Short,SELL,220.575892,7389.12,14465.445800473502,218.6182237,0.8875259470757556,0:15:08,False,True,2025-10-10 14:57:52+00:00,SELL,85,TruthSocial,"<p>Some very strange things are happening in China! They are becoming very hostile, and sending lett",8.0,0.13333333333333333,0.0022222222222222222
155,2025-10-17 12:40:00-04:00,2025-10-17 16:40:00+00:00,Open Short,SELL,183.1603257,12055.35,14213.19089952682,181.9813312,0.6436953301554937,0:15:08,False,True,2025-10-17 13:44:12+00:00,SELL,85,Twitter,"SPOT PALLADIUM  EXTENDS LOSSES, LAST DOWN 7% AT $1,499.75/OZ @WalterBloomberg",10548.0,175.8,2.93
156,2025-10-20 11:52:00-04:00,2025-10-20 15:52:00+00:00,Open Short,SELL,191.5409399,11721.54,26683.17179947553,189.2645178,1.1884780479682464,0:15:08,False,True,2025-10-20 13:24:40+00:00,SELL,85,Twitter,IRAN SUPREME LEADER: ‚ÄòAMERICA IS THE TRUE EMBODIMENT OF TERRORISM.‚Äô @WalterBloomberg,8840.0,147.33333333333334,2.4555555555555557
157,2025-10-20 11:53:00-04:00,2025-10-20 15:53:00+00:00,Open Short,SELL,191.8114188,11716.04,29381.045699576654,189.3036563,1.3074104300290388,0:15:08,False,True,2025-10-20 15:52:59+00:00,SELL,80,Twitter,"üö®*TRUMP: CHINA MAY PAY 155% TARIFF IF NO DEAL BY NOV 1  

*TRUMP: MEETING WITH XI IN A COUPLE WEEKS ",1.0,0.016666666666666666,0.0002777777777777778
158,2025-10-21 21:00:00-04:00,2025-10-22 01:00:00+00:00,Open Long,BUY,185.6393905,12342.96,8444.106099901455,186.3235138,0.3685226844355639,0:15:08,False,True,2025-10-21 23:50:00+00:00,BUY,95,Economic Event | [] | isHighlight=False | isNarrative=False,*JAPAN SEPT. IMPORTS RISE 3.3% Y/Y; EST. +0.6%,4200.0,70.0,1.1666666666666667
159,2025-10-22 15:07:00-04:00,2025-10-22 19:07:00+00:00,Open Long,BUY,182.0403444,9.969999999999343,-2.301305833,181.8095213,-0.126797745,0:15:08,False,True,2025-10-22 16:56:55+00:00,BUY,85,Twitter,"$GM $F - TRUMP: MARY BARRA OF GENERAL MOTORS, AND BILL FORD OF FORD MOTOR COMPANY, JUST CALLED

TRUM",7805.0,130.08333333333334,2.1680555555555556
160,2025-10-23 01:00:00-04:00,2025-10-23 05:00:00+00:00,Open Long,BUY,184.0340981,11686.2,4571.417999856087,184.425279,0.2125589138128504,0:15:08,False,True,2025-10-23 03:42:45+00:00,BUY,85,"DJ | [""HOT""] | isHighlight=False | isNarrative=False",*Woodside CEO Meg O'Neill Speaking Following Investment in Louisiana LNG by Williams Cos.,4635.0,77.25,1.2875
161,2025-10-01 07:58:00-04:00,2025-10-01 11:58:00+00:00,Open Short,SELL,217.6522831,7780.58,568.4580999,217.5792219,0.033567829,0:15:09,False,True,2025-10-01 11:30:51+00:00,SELL,88,Twitter,"üö® GOVERNMENT SHUTDOWN BEGINS AS FUNDING LAPSES

Some federal services will be halted, and hundreds o",1629.0,27.15,0.4525
162,2025-10-01 10:00:00-04:00,2025-10-01 14:00:00+00:00,Open Long,BUY,219.4344896,14.409999999999854,-4.174794368,219.1447745,-0.132028053,0:15:09,False,True,2025-10-01 06:00:07+00:00,BUY,85,Economic Event | [] | isHighlight=False | isNarrative=False,*UK SEPT. NATIONWIDE HOUSE PRICES RISE 0.5% M/M; EST. +0.2%,28793.0,479.8833333333333,7.998055555555555
163,2025-10-02 06:39:00-04:00,2025-10-02 10:39:00+00:00,Open Long,BUY,225.3270593,7506.98,-1312.1265,225.1522718,-0.077570591,0:15:09,False,True,2025-10-01 19:47:24+00:00,BUY,85,Twitter,TESLA CEO MUSK JUST BECAME THE FIRST PERSON EVER WORTH $500 BILLION - FORBES @WalterBloomberg,53496.0,891.6,14.86
164,2025-10-03 10:01:00-04:00,2025-10-03 14:01:00+00:00,Open Short,SELL,228.5656795,7255.18,5026.516499642689,227.8728619,0.3031153303126996,0:15:09,False,True,2025-10-03 14:00:58+00:00,SELL,95,Twitter,"*US SEPT. ISM SERVICES PMI FALLS TO 50 FROM 52; EST. 51.7

*US ISM SERVICES BUSINESS ACTIVITY AT 49.",2.0,0.03333333333333333,0.0005555555555555556
165,2025-10-03 11:40:00-04:00,2025-10-03 15:40:00+00:00,Open Long,BUY,233.3814024,7247.86,7586.433214,234.4281159,0.4484991227363313,0:15:09,False,True,2025-10-03 15:31:50+00:00,BUY,80,Twitter,"CHINA PUSHES TRUMP TO DROP CURBS AS IT DANGLES INVESTMENT 

China is pushing to roll back restrictio",490.0,8.166666666666666,0.1361111111111111
166,2025-10-07 08:10:00-04:00,2025-10-07 12:10:00+00:00,Open Short,SELL,230.4334529,7312.46,4626.069700214925,229.8008245,0.2745384269832577,0:15:09,False,True,2025-10-07 06:00:04+00:00,SELL,95,Economic Event | [] | isHighlight=False | isNarrative=False,*GERMANY AUG. FACTORY ORDERS FALL 0.8% M/M; EST. 1.4%,22196.0,369.93333333333334,6.165555555555556
167,2025-10-07 08:53:00-04:00,2025-10-07 12:53:00+00:00,Open Long,BUY,230.4319263,7355.83,2942.2063999383704,230.8319092,0.1735796473636171,0:15:09,False,True,2025-10-07 12:42:43+00:00,BUY,87,Twitter,"GOLDMAN SACHS: GOLD COULD REACH $4,900 BY LATE 2026

Goldman Sachs expects gold to hit $4,900 per ou",617.0,10.283333333333333,0.1713888888888889
168,2025-10-09 22:15:00-04:00,2025-10-10 02:15:00+00:00,Open Long,BUY,220.9383423,7318.84,2568.7488006434087,221.2893199,0.1588577080189602,0:15:09,False,True,2025-10-09 23:50:01+00:00,BUY,95,Economic Event | [] | isHighlight=False | isNarrative=False,*JAPAN SEPT. PRODUCER PRICES RISE 0.3% M/M; EST. +0.1%,8699.0,144.98333333333332,2.4163888888888887
169,2025-10-19 22:00:00-04:00,2025-10-20 02:00:00+00:00,Open Short,SELL,184.8309157,12141.83,1712.6875001739786,184.6898589,0.076316662,0:15:09,False,True,2025-10-19 15:13:03+00:00,SELL,80,Twitter,"*TRUMP ON NATIONAL GUARD: WE'LL GO TO SAN FRANCISCO NEXT

*TRUMP: DON'T FORGET I CAN USE INSURRECTIO",38817.0,646.95,10.7825
170,2025-10-03 09:45:00-04:00,2025-10-03 13:45:00+00:00,Open Long,BUY,229.9889977,0.01,-0.009989977,228.99,-0.434367606,0:15:10,False,True,2025-10-03 13:12:44+00:00,BUY,87,Twitter,"BITCOIN POISED FOR NEW HIGH, SAYS STANDARD CHARTERED

Standard Chartered‚Äôs Geoff Kendrick says Bitco",1936.0,32.266666666666666,0.5377777777777778
171,2025-10-03 11:31:00-04:00,2025-10-03 15:31:00+00:00,Open Long,BUY,232.3837346,7276.57,9907.798446586232,233.7453375,0.5859286372800002,0:15:10,False,True,2025-10-03 13:12:44+00:00,BUY,87,Twitter,"BITCOIN POISED FOR NEW HIGH, SAYS STANDARD CHARTERED

Standard Chartered‚Äôs Geoff Kendrick says Bitco",8296.0,138.26666666666668,2.3044444444444445
172,2025-10-08 08:56:00-04:00,2025-10-08 12:56:00+00:00,Open Long,BUY,222.0079132,7434.92,338.6252001674736,222.0534584,0.020515142,0:15:10,False,True,2025-10-08 12:10:32+00:00,BUY,85,Twitter,$NVDA - NVIDIA CEO SAYS ALREADY AN INVESTOR IN ELON MUSK'S XAI @WalterBloomberg,2728.0,45.46666666666667,0.7577777777777778
173,2025-10-10 10:58:00-04:00,2025-10-10 14:58:00+00:00,Open Short,SELL,221.2668151,7330.07,19329.695499635523,218.629774,1.1917923843690366,0:15:10,False,True,2025-10-10 14:57:52+00:00,SELL,85,TruthSocial,"<p>Some very strange things are happening in China! They are becoming very hostile, and sending lett",8.0,0.13333333333333333,0.0022222222222222222
174,2025-10-13 10:13:00-04:00,2025-10-13 14:13:00+00:00,Open Short,SELL,194.98993,10964.34,17425.62430000463,193.4006301,0.8150676729293507,0:15:10,False,True,2025-10-13 13:52:40+00:00,SELL,80,Twitter,ISRAEL'S DEFENSE MINISTER SAYS HAMAS ANNOUNCEMENT ABOUT HANDING OVER FOUR HOSTAGES BODIES IS 'FAILUR,1220.0,20.333333333333332,0.3388888888888889
175,2025-10-16 14:36:00-04:00,2025-10-16 18:36:00+00:00,Open Long,BUY,188.1755154,11614.58,3809.4309008610953,188.5035024,0.1742984304738132,0:15:10,False,True,2025-10-16 15:09:09+00:00,BUY,85,Twitter,"$AAPL - APPLE REPORTEDLY ENTERS ROBOTICS MARKET

Apple is expanding smart home production in Vietnam",12411.0,206.85,3.4475
176,2025-10-21 16:51:00-04:00,2025-10-21 20:51:00+00:00,Open Long,BUY,191.4125128,12046.25,192.57939939512883,191.4284995,0.008351945,0:15:10,False,True,2025-10-21 14:17:33+00:00,BUY,90,Twitter,"GM SHARES SET FOR THEIR BEST DAY IN NEARLY 6 YEARS, LAST UP 14% @WalterBloomberg",23607.0,393.45,6.5575
177,2025-10-22 16:57:00-04:00,2025-10-22 20:57:00+00:00,Open Short,SELL,179.7663537,11932.18,19052.063200264653,178.1696578,0.8882062151271375,0:15:10,False,True,2025-10-22 20:44:17+00:00,SELL,80,"TradFi | [""WARM""] | isHighlight=False | isNarrative=False"," *US SANCTIONS RUSSIA'S ROSNEFT, LUKOIL OIL COS",763.0,12.716666666666667,0.21194444444444444
178,2025-10-24 04:30:00-04:00,2025-10-24 08:30:00+00:00,Open Long,BUY,192.4302627,11220.25,6138.328600356332,192.9773386,0.2842982767175591,0:15:10,False,True,2025-10-24 06:00:01+00:00,BUY,95,"Economic Event | [""WARM""] | isHighlight=False | isNarrative=False",*UK SEPT. RETAIL SALES RISE 1.5% Y/Y; EST. +0.4%,8999.0,149.98333333333332,2.499722222222222
179,2025-10-02 12:01:00-04:00,2025-10-02 16:01:00+00:00,Open Long,BUY,226.7944084,7430.48,11760.789199795528,228.3771849,0.6978904467592475,0:15:11,False,True,2025-10-02 13:32:04+00:00,BUY,85,Twitter,"SPOT GOLD  HITS RECORD HIGH OF $3,895.23/OZ @WalterBloomberg",8936.0,148.93333333333334,2.482222222222222
180,2025-10-03 14:06:00-04:00,2025-10-03 18:06:00+00:00,Open Long,BUY,229.2572838,7541.19,20338.35159972034,231.9542523,1.1763937955765758,0:15:11,False,True,2025-10-03 15:40:33+00:00,BUY,80,Twitter,CHINA DANGLED PROSPECT OF A MASSIVE INVESTMENT PACKAGE IN US AS PART OF PROPOSAL @WalterBloomberg,8727.0,145.45,2.424166666666667
181,2025-10-07 21:27:00-04:00,2025-10-08 01:27:00+00:00,Open Short,SELL,222.1253928,7551.31,2496.2947000934223,221.7948151,0.1488248132707193,0:15:12,False,True,2025-10-08 01:26:45+00:00,SELL,90,TruthSocial,"<p>Sanctimonious Richard ‚ÄúDa Nang Dick‚Äù Blumenthal, perhaps the biggest ‚Äújoke‚Äù in the United States ",15.0,0.25,0.004166666666666667
182,2025-10-17 07:13:00-04:00,2025-10-17 11:13:00+00:00,Open Long,BUY,180.1473432,12028.59,21722.24376753734,181.9532277,1.002448567206345,0:15:12,False,True,2025-10-16 20:44:38+00:00,BUY,90,Twitter,*TRUMP: ECONOMY IS UNBELIEVABLE @WalterBloomberg,52102.0,868.3666666666667,14.472777777777777
183,2025-10-12 17:26:00-04:00,2025-10-12 21:26:00+00:00,Open Short,SELL,195.6287648,11816.99,16149.449300077436,194.2621351,0.6985831990235948,0:15:55,True,True,2025-10-12 06:45:25+00:00,SELL,90,Twitter,"CHINA: ‚ÄòNOT AFRAID‚Äô OF TRADE WAR WITH US

China‚Äôs Ministry of Commerce said it does not seek a trade",52835.0,880.5833333333334,14.676388888888889
184,2025-10-25 00:52:00-04:00,2025-10-25 04:52:00+00:00,Open Long,BUY,194.4180918,3700.97,-3323.049259,193.5202057,-0.461832549,0:18:37,True,True,2025-10-25 04:51:41+00:00,BUY,90,TruthSocial,<p>Congressman Eli Crane is an America First Patriot who is doing an incredible job representing Ari,19.0,0.31666666666666665,0.005277777777777778
185,2025-10-25 00:52:00-04:00,2025-10-25 04:52:00+00:00,Open Long,BUY,194.3123787,11112.77,-8803.23625,193.5202057,-0.407680147,0:18:47,True,True,2025-10-25 04:51:41+00:00,BUY,90,TruthSocial,<p>Congressman Eli Crane is an America First Patriot who is doing an incredible job representing Ari,19.0,0.31666666666666665,0.005277777777777778
186,2025-10-25 00:52:00-04:00,2025-10-25 04:52:00+00:00,Open Long,BUY,194.1418147,11122.51,-6913.851546,193.5202057,-0.32018292,0:18:57,True,True,2025-10-25 04:51:41+00:00,BUY,90,TruthSocial,<p>Congressman Eli Crane is an America First Patriot who is doing an incredible job representing Ari,19.0,0.31666666666666665,0.005277777777777778
187,2025-10-25 00:52:00-04:00,2025-10-25 04:52:00+00:00,Open Long,BUY,194.0908714,11123.66,-6347.89051,193.5202057,-0.294019823,0:19:05,True,True,2025-10-25 04:51:41+00:00,BUY,90,TruthSocial,<p>Congressman Eli Crane is an America First Patriot who is doing an incredible job representing Ari,19.0,0.31666666666666665,0.005277777777777778
188,2025-10-25 00:52:00-04:00,2025-10-25 04:52:00+00:00,Open Long,BUY,193.9958155,11130.54,-5293.793594,193.5202057,-0.245164964,0:19:13,True,True,2025-10-25 04:51:41+00:00,BUY,90,TruthSocial,<p>Congressman Eli Crane is an America First Patriot who is doing an incredible job representing Ari,19.0,0.31666666666666665,0.005277777777777778
189,2025-10-25 00:52:00-04:00,2025-10-25 04:52:00+00:00,Open Long,BUY,193.8276859,11139.16,-3425.070421,193.5202057,-0.158635818,0:19:22,True,True,2025-10-25 04:51:41+00:00,BUY,90,TruthSocial,<p>Congressman Eli Crane is an America First Patriot who is doing an incredible job representing Ari,19.0,0.31666666666666665,0.005277777777777778
190,2025-10-25 00:51:00-04:00,2025-10-25 04:51:00+00:00,Open Long,BUY,193.6835934,11145.49,-1821.035217,193.5202057,-0.084358014,0:19:42,True,True,2025-10-24 23:18:13+00:00,BUY,95,TruthSocial,<p>Congressman Andrew Clyde is doing a truly fantastic job representing the Great People of Georgia‚Äô,19967.0,332.78333333333336,5.546388888888889
191,2025-10-26 00:58:00-04:00,2025-10-26 04:58:00+00:00,Open Short,SELL,192.7781869,24230.09,-19860.0694,193.5978318,-0.42517512,1:07:48,True,True,2025-10-25 21:43:11+00:00,SELL,80,TruthSocial,"<p>RT <span class=""h-card""><a href=""https://truthsocial.com/@realDonaldTrump"" class=""u-url mention"">",26089.0,434.81666666666666,7.246944444444445
192,2025-10-25 08:43:00-04:00,2025-10-25 12:43:00+00:00,Open Long,BUY,193.4609147,44.090000000000146,-40.06624403,192.552177,-0.469726753,1:22:01,True,True,2025-10-25 04:53:28+00:00,BUY,90,TruthSocial,"<p>Congressman Brian Babin, D.D.S, is an incredible Representative of Texas‚Äô 36th Congressional Dist",28172.0,469.53333333333336,7.825555555555556
193,2025-10-25 08:43:00-04:00,2025-10-25 12:43:00+00:00,Open Long,BUY,193.3335551,11166.83,-8725.515587,192.552177,-0.404160585,1:22:05,True,True,2025-10-25 04:53:28+00:00,BUY,90,TruthSocial,"<p>Congressman Brian Babin, D.D.S, is an incredible Representative of Texas‚Äô 36th Congressional Dist",28172.0,469.53333333333336,7.825555555555556
194,2025-10-25 08:45:00-04:00,2025-10-25 12:45:00+00:00,Open Long,BUY,193.9347001,10444.73,-18998.54354,192.1157403,-0.937923825,1:24:51,True,True,2025-10-25 12:44:53+00:00,BUY,90,TruthSocial,"<p>Congressman Marlin Stutzman is an America First Patriot, who is doing an incredible job represent",7.0,0.11666666666666667,0.0019444444444444444
195,2025-10-25 08:44:00-04:00,2025-10-25 12:44:00+00:00,Open Long,BUY,193.8378288,11139.16,-19182.61927,192.1157403,-0.888417139,1:25:06,True,True,2025-10-25 12:43:37+00:00,BUY,93,TruthSocial,<p>Congressman Chuck Edwards is a MAGA Warrior who is doing a fantastic job representing North Carol,23.0,0.38333333333333336,0.006388888888888889
196,2025-10-25 08:44:00-04:00,2025-10-25 12:44:00+00:00,Open Long,BUY,193.7359748,11147.22,-18061.1101,192.1157403,-0.836310589,1:25:18,True,True,2025-10-25 12:43:37+00:00,BUY,93,TruthSocial,<p>Congressman Chuck Edwards is a MAGA Warrior who is doing a fantastic job representing North Carol,23.0,0.38333333333333336,0.006388888888888889
197,2025-10-25 08:44:00-04:00,2025-10-25 12:44:00+00:00,Open Long,BUY,193.5250024,11154.13,-15719.09244,192.1157403,-0.728206723,1:25:43,True,True,2025-10-25 12:43:37+00:00,BUY,93,TruthSocial,<p>Congressman Chuck Edwards is a MAGA Warrior who is doing a fantastic job representing North Carol,23.0,0.38333333333333336,0.006388888888888889
198,2025-10-25 08:43:00-04:00,2025-10-25 12:43:00+00:00,Open Long,BUY,193.4609147,11122.16,-14961.24463,192.1157403,-0.695321004,1:26:17,True,True,2025-10-25 04:53:28+00:00,BUY,90,TruthSocial,"<p>Congressman Brian Babin, D.D.S, is an incredible Representative of Texas‚Äô 36th Congressional Dist",28172.0,469.53333333333336,7.825555555555556
199,2025-10-14 19:26:00-04:00,2025-10-14 23:26:00+00:00,Open Long,BUY,202.898289,10410.05,1703.8976993824556,203.0619672,0.080670048,2:23:24,True,True,2025-10-14 17:16:38+00:00,BUY,90,TruthSocial,"<p>Don‚Äôt forget to get a copy of my son Eric‚Äôs book, ‚ÄúUNDER SIEGE,‚Äù which is breaking records everyw",22162.0,369.3666666666667,6.1561111111111115
200,2025-10-12 08:14:00-04:00,2025-10-12 12:14:00+00:00,Open Short,SELL,182.113589,2533.81,-11982.62686,186.8426835,-2.596782863,2:37:49,True,True,2025-10-12 06:45:25+00:00,SELL,90,Twitter,"CHINA: ‚ÄòNOT AFRAID‚Äô OF TRADE WAR WITH US

China‚Äôs Ministry of Commerce said it does not seek a trade",19715.0,328.5833333333333,5.476388888888889
201,2025-10-12 08:14:00-04:00,2025-10-12 12:14:00+00:00,Open Short,SELL,182.113589,10135.24,-47012.12784,186.752071,-2.54702682,2:37:56,True,True,2025-10-12 06:45:25+00:00,SELL,90,Twitter,"CHINA: ‚ÄòNOT AFRAID‚Äô OF TRADE WAR WITH US

China‚Äôs Ministry of Commerce said it does not seek a trade",19715.0,328.5833333333333,5.476388888888889
